date,origin,transit,transit_name,hege
2026-06-28,17557,174,"COGENT-174 - Cogent Communications, ",0.005818484052682996
2026-06-28,17557,3356,"LEVEL3 - Level 3 Parent, LLC, US",0.06154418401625378
2026-06-28,17557,6762,SEABONE-NET TELECOM ITALIA SPARKLE S,6.518963445855964e-06
2026-06-28,17557,6939,"HURRICANE - Hurricane Electric LLC, ",1.1035602635347561e-06
2026-06-28,17557,8529,OMANTEL-AS Zain Omantel Internationa,0.008252692730871597
2026-06-28,17557,8966,Etisalat-AS EMIRATES TELECOMMUNICATI,0.0018141143345807619
2026-06-28,17557,137409,GSLNETWORKS-AS-AP - GSL Networks Pty,0.0015647834977766003
2026-06-28,38193,174,"COGENT-174 - Cogent Communications, ",0.14221360565800295
2026-06-28,38193,1299,"TWELVE99 Arelion Sweden AB, SE",0.005852878571469402
2026-06-28,38193,2914,"NTT-DATA-2914 - NTT America, Inc., U",0.00016886187098953055
2026-06-28,38193,3320,"DTAG Deutsche Telekom AG, DE",0.002172096908939015
2026-06-28,38193,3356,"LEVEL3 - Level 3 Parent, LLC, US",0.20546392929037513
2026-06-28,38193,6453,AS6453 - TATA COMMUNICATIONS (AMERIC,0.0001670843776106934
2026-06-28,38193,6461,"ZAYO-6461 - Zayo Bandwidth, US",0.00250911369332422
2026-06-28,38193,6762,SEABONE-NET TELECOM ITALIA SPARKLE S,0.08174614403391993
2026-06-28,38193,6939,"HURRICANE - Hurricane Electric LLC, ",0.02186772935924039
2026-06-28,38193,7473,SINGTEL-AS-AP - Singapore Telecommun,0.005847953216374266
2026-06-28,38193,8529,OMANTEL-AS Zain Omantel Internationa,0.0437501100545953
2026-06-28,38193,8966,Etisalat-AS EMIRATES TELECOMMUNICATI,0.02096908939014201
2026-06-28,38193,58453,CMI-INT-HK - China Mobile Internatio,0.0018048593706488448
2026-06-28,38193,137409,GSLNETWORKS-AS-AP - GSL Networks Pty,0.011091568746746093
2026-06-29,17557,174,"COGENT-174 - Cogent Communications, ",0.004256625504819271
2026-06-29,17557,3356,"LEVEL3 - Level 3 Parent, LLC, US",0.04496414994023136
2026-06-29,17557,6762,SEABONE-NET TELECOM ITALIA SPARKLE S,5.292993664286584e-06
2026-06-29,17557,8529,OMANTEL-AS Zain Omantel Internationa,0.008663962079710572
2026-06-29,17557,8966,Etisalat-AS EMIRATES TELECOMMUNICATI,0.0005144789841686559
2026-06-29,17557,137409,GSLNETWORKS-AS-AP - GSL Networks Pty,0.0015166547396564872
2026-06-29,38193,174,"COGENT-174 - Cogent Communications, ",0.13015314692770957
2026-06-29,38193,1299,"TWELVE99 Arelion Sweden AB, SE",0.005363954631689185
2026-06-29,38193,3320,"DTAG Deutsche Telekom AG, DE",0.00194331983805668
2026-06-29,38193,3356,"LEVEL3 - Level 3 Parent, LLC, US",0.20134467498147768
2026-06-29,38193,6461,"ZAYO-6461 - Zayo Bandwidth, US",0.0024256026201106293
2026-06-29,38193,6762,SEABONE-NET TELECOM ITALIA SPARKLE S,0.08483244468923956
2026-06-29,38193,6939,"HURRICANE - Hurricane Electric LLC, ",0.022318651305142777
2026-06-29,38193,7473,SINGTEL-AS-AP - Singapore Telecommun,0.005665571397836844
2026-06-29,38193,8529,OMANTEL-AS Zain Omantel Internationa,0.044180703785396035
2026-06-29,38193,8966,Etisalat-AS EMIRATES TELECOMMUNICATI,0.021286158540163115
2026-06-29,38193,58453,CMI-INT-HK - China Mobile Internatio,0.0016194331983805667
2026-06-29,38193,137409,GSLNETWORKS-AS-AP - GSL Networks Pty,0.011503256468931525
2026-06-30,17557,174,"COGENT-174 - Cogent Communications, ",0.014756925030072698
2026-06-30,17557,1299,"TWELVE99 Arelion Sweden AB, SE",0.02549725260759032
2026-06-30,17557,3356,"LEVEL3 - Level 3 Parent, LLC, US",0.021036464438545233
2026-06-30,17557,6762,SEABONE-NET TELECOM ITALIA SPARKLE S,6.1031516773869e-06
2026-06-30,17557,7473,SINGTEL-AS-AP - Singapore Telecommun,0.0010920286362636673
2026-06-30,17557,8529,OMANTEL-AS Zain Omantel Internationa,0.009253353041045425
2026-06-30,17557,8966,Etisalat-AS EMIRATES TELECOMMUNICATI,0.059459761760239975
2026-06-30,17557,137409,GSLNETWORKS-AS-AP - GSL Networks Pty,0.003930781712990596
2026-06-30,38193,174,"COGENT-174 - Cogent Communications, ",0.19794208479804284
2026-06-30,38193,1299,"TWELVE99 Arelion Sweden AB, SE",0.01409376866246969
2026-06-30,38193,2914,"NTT-DATA-2914 - NTT America, Inc., U",0.0003295505819437751
2026-06-30,38193,3257,GTT-BACKBONE GTT Communications Inc.,0.0004221724524076148
2026-06-30,38193,3320,"DTAG Deutsche Telekom AG, DE",0.0013651218865875783
2026-06-30,38193,3356,"LEVEL3 - Level 3 Parent, LLC, US",0.21207815506720773
2026-06-30,38193,4637,"ASN-TELSTRA-GLOBAL - Telstra Global,",0.0015342711832773423
2026-06-30,38193,6453,AS6453 - TATA COMMUNICATIONS (AMERIC,0.00024089529160741647
2026-06-30,38193,6461,"ZAYO-6461 - Zayo Bandwidth, US",0.0024342601481133624
2026-06-30,38193,6762,SEABONE-NET TELECOM ITALIA SPARKLE S,0.08544493864145958
2026-06-30,38193,6939,"HURRICANE - Hurricane Electric LLC, ",0.0141098199936876
2026-06-30,38193,7473,SINGTEL-AS-AP - Singapore Telecommun,0.0067572871550191016
2026-06-30,38193,8529,OMANTEL-AS Zain Omantel Internationa,0.042862129396664055
2026-06-30,38193,8966,Etisalat-AS EMIRATES TELECOMMUNICATI,0.020876457187726752
2026-06-30,38193,58453,CMI-INT-HK - China Mobile Internatio,0.001662939361010075
2026-06-30,38193,137409,GSLNETWORKS-AS-AP - GSL Networks Pty,0.015246331532860096
2026-07-01,17557,174,"COGENT-174 - Cogent Communications, ",0.0013364967615102485
2026-07-01,17557,1299,"TWELVE99 Arelion Sweden AB, SE",0.011393615633433982
2026-07-01,17557,3356,"LEVEL3 - Level 3 Parent, LLC, US",0.0234331842902909
2026-07-01,17557,4637,"ASN-TELSTRA-GLOBAL - Telstra Global,",0.00013933711134406806
2026-07-01,17557,6461,"ZAYO-6461 - Zayo Bandwidth, US",1.3761783527145118e-05
2026-07-01,17557,6762,SEABONE-NET TELECOM ITALIA SPARKLE S,6.749945305732135e-06
2026-07-01,17557,6939,"HURRICANE - Hurricane Electric LLC, ",0.14208512192410908
2026-07-01,17557,7473,SINGTEL-AS-AP - Singapore Telecommun,0.0003723986819221812
2026-07-01,17557,8529,OMANTEL-AS Zain Omantel Internationa,0.0072192295430654205
2026-07-01,17557,8966,Etisalat-AS EMIRATES TELECOMMUNICATI,0.07352862240932027
2026-07-01,17557,9002,"RETN-AS RETN Limited, GB",4.12844037131591e-05
2026-07-01,17557,137409,GSLNETWORKS-AS-AP - GSL Networks Pty,0.002175656482941302
2026-07-01,38193,174,"COGENT-174 - Cogent Communications, ",0.15652592116140882
2026-07-01,38193,1299,"TWELVE99 Arelion Sweden AB, SE",0.015196216597804324
2026-07-01,38193,2914,"NTT-DATA-2914 - NTT America, Inc., U",0.00026150068862545214
2026-07-01,38193,3320,"DTAG Deutsche Telekom AG, DE",0.0016081407743991731
2026-07-01,38193,3356,"LEVEL3 - Level 3 Parent, LLC, US",0.1977606132909462
2026-07-01,38193,6461,"ZAYO-6461 - Zayo Bandwidth, US",0.0034696695589083604
2026-07-01,38193,6762,SEABONE-NET TELECOM ITALIA SPARKLE S,0.0859755692607856
2026-07-01,38193,6939,"HURRICANE - Hurricane Electric LLC, ",0.03517921732954309
2026-07-01,38193,7473,SINGTEL-AS-AP - Singapore Telecommun,0.006310861104379326
2026-07-01,38193,8529,OMANTEL-AS Zain Omantel Internationa,0.04392933064349572
2026-07-01,38193,8966,Etisalat-AS EMIRATES TELECOMMUNICATI,0.022843221046171074
2026-07-01,38193,58453,CMI-INT-HK - China Mobile Internatio,0.0014732541831768454
2026-07-01,38193,137409,GSLNETWORKS-AS-AP - GSL Networks Pty,0.014421277267536258
2026-07-02,17557,174,"COGENT-174 - Cogent Communications, ",0.00935801279845868
2026-07-02,17557,1299,"TWELVE99 Arelion Sweden AB, SE",0.07088984456975742
2026-07-02,17557,3356,"LEVEL3 - Level 3 Parent, LLC, US",0.01029793085115455
2026-07-02,17557,4637,"ASN-TELSTRA-GLOBAL - Telstra Global,",5.292993664286584e-06
2026-07-02,17557,6762,SEABONE-NET TELECOM ITALIA SPARKLE S,5.292993664286584e-06
2026-07-02,17557,6939,"HURRICANE - Hurricane Electric LLC, ",0.14208512192410908
2026-07-02,17557,7473,SINGTEL-AS-AP - Singapore Telecommun,8.99870842067374e-05
2026-07-02,17557,8529,OMANTEL-AS Zain Omantel Internationa,0.012523458666659172
2026-07-02,17557,8966,Etisalat-AS EMIRATES TELECOMMUNICATI,0.057994028728064764
2026-07-02,17557,137409,GSLNETWORKS-AS-AP - GSL Networks Pty,0.010273936359337375
2026-07-02,38193,174,"COGENT-174 - Cogent Communications, ",0.03986852988550782
2026-07-02,38193,1299,"TWELVE99 Arelion Sweden AB, SE",0.0057202559749249034
2026-07-02,38193,3320,"DTAG Deutsche Telekom AG, DE",0.0008097165991902834
2026-07-02,38193,3356,"LEVEL3 - Level 3 Parent, LLC, US",0.16661326600206056
2026-07-02,38193,6762,SEABONE-NET TELECOM ITALIA SPARKLE S,0.046980976013234074
2026-07-02,38193,6939,"HURRICANE - Hurricane Electric LLC, ",0.20494536589612994
2026-07-02,38193,7473,SINGTEL-AS-AP - Singapore Telecommun,0.0016194331983805667
2026-07-02,38193,8529,OMANTEL-AS Zain Omantel Internationa,0.03920506574452097
2026-07-02,38193,8966,Etisalat-AS EMIRATES TELECOMMUNICATI,0.004858299595141701
2026-07-02,38193,58453,CMI-INT-HK - China Mobile Internatio,0.0016194331983805667
2026-07-02,38193,137409,GSLNETWORKS-AS-AP - GSL Networks Pty,0.018272017837235227
2026-07-03,17557,174,"COGENT-174 - Cogent Communications, ",0.002670909415166328
2026-07-03,17557,1299,"TWELVE99 Arelion Sweden AB, SE",7.0213181260944475e-06
2026-07-03,17557,3356,"LEVEL3 - Level 3 Parent, LLC, US",0.003369927425824201
2026-07-03,17557,6461,"ZAYO-6461 - Zayo Bandwidth, US",5.6153167497578225e-06
2026-07-03,17557,6762,SEABONE-NET TELECOM ITALIA SPARKLE S,4.212790875656669e-06
2026-07-03,17557,7473,SINGTEL-AS-AP - Singapore Telecommun,3.229777514315118e-05
2026-07-03,17557,8529,OMANTEL-AS Zain Omantel Internationa,0.008255665241329048
2026-07-03,17557,8966,Etisalat-AS EMIRATES TELECOMMUNICATI,0.015758646402206377
2026-07-03,17557,137409,GSLNETWORKS-AS-AP - GSL Networks Pty,0.0013284333894570694
2026-07-03,38193,174,"COGENT-174 - Cogent Communications, ",0.15860249177615174
2026-07-03,38193,1299,"TWELVE99 Arelion Sweden AB, SE",0.006466391155937603
2026-07-03,38193,3320,"DTAG Deutsche Telekom AG, DE",0.0015037593984962405
2026-07-03,38193,3356,"LEVEL3 - Level 3 Parent, LLC, US",0.17156703551925478
2026-07-03,38193,6461,"ZAYO-6461 - Zayo Bandwidth, US",0.0036317148036664223
2026-07-03,38193,6762,SEABONE-NET TELECOM ITALIA SPARKLE S,0.0736842105263158
2026-07-03,38193,6939,"HURRICANE - Hurricane Electric LLC, ",0.02343878128500976
2026-07-03,38193,7473,SINGTEL-AS-AP - Singapore Telecommun,0.006428111954902283
2026-07-03,38193,8220,COLT COLT Technology Services Group ,0.0017185821697099893
2026-07-03,38193,8529,OMANTEL-AS Zain Omantel Internationa,0.046400036356167906
2026-07-03,38193,8966,Etisalat-AS EMIRATES TELECOMMUNICATI,0.01439312567132116
2026-07-03,38193,58453,CMI-INT-HK - China Mobile Internatio,0.0019520851818988464
2026-07-03,38193,137409,GSLNETWORKS-AS-AP - GSL Networks Pty,0.012055760519310699
2026-07-04,17557,174,"COGENT-174 - Cogent Communications, ",0.040415409265612254
2026-07-04,17557,1299,"TWELVE99 Arelion Sweden AB, SE",0.0003962152637416239
2026-07-04,17557,3356,"LEVEL3 - Level 3 Parent, LLC, US",0.0008885204459945177
2026-07-04,17557,6461,"ZAYO-6461 - Zayo Bandwidth, US",1.763568943472744e-05
2026-07-04,17557,6762,SEABONE-NET TELECOM ITALIA SPARKLE S,2.4574613441330567e-06
2026-07-04,17557,7473,SINGTEL-AS-AP - Singapore Telecommun,3.473592810833836e-05
2026-07-04,17557,8529,OMANTEL-AS Zain Omantel Internationa,0.011083356347655463
2026-07-04,17557,8966,Etisalat-AS EMIRATES TELECOMMUNICATI,0.023500702833944422
2026-07-04,17557,137409,GSLNETWORKS-AS-AP - GSL Networks Pty,0.008448752101129447
2026-07-04,38193,174,"COGENT-174 - Cogent Communications, ",0.1447706969035492
2026-07-04,38193,1299,"TWELVE99 Arelion Sweden AB, SE",0.004519362923437627
2026-07-04,38193,3320,"DTAG Deutsche Telekom AG, DE",0.0007518796992481202
2026-07-04,38193,3356,"LEVEL3 - Level 3 Parent, LLC, US",0.18308649648314335
2026-07-04,38193,6453,AS6453 - TATA COMMUNICATIONS (AMERIC,0.0003798971111990502
2026-07-04,38193,6461,"ZAYO-6461 - Zayo Bandwidth, US",0.0018796992481203006
2026-07-04,38193,6762,SEABONE-NET TELECOM ITALIA SPARKLE S,0.07566181077694235
2026-07-04,38193,6939,"HURRICANE - Hurricane Electric LLC, ",0.06582989732395504
2026-07-04,38193,7473,SINGTEL-AS-AP - Singapore Telecommun,0.004887218045112782
2026-07-04,38193,8529,OMANTEL-AS Zain Omantel Internationa,0.03389157501045741
2026-07-04,38193,8966,Etisalat-AS EMIRATES TELECOMMUNICATI,0.009414160401002505
2026-07-04,38193,58453,CMI-INT-HK - China Mobile Internatio,0.0037593984962406026
2026-07-04,38193,137409,GSLNETWORKS-AS-AP - GSL Networks Pty,0.018997221314154957
