isp,probe_id,site,min_rtt_ms,pop_class,ratio_vs_best,ratio_overlay_q_excl_p,ratio_overlay_q_incl_p,ratio_vs_best_old
zcom,7613,apkamazon.com.pk,91.3,distant,43.48,33.507,33.507,43.476
nayatel,60223,apkamazon.com.pk,2.1,local,1.0,0.39,1.0,1.0
transworld,62224,apkamazon.com.pk,94.7,distant,45.1,34.201,34.201,45.095
tes,64078,apkamazon.com.pk,97.8,distant,46.57,36.177,36.177,46.571
orbit,64535,apkamazon.com.pk,94.2,distant,44.86,24.392,24.392,44.857
tes,64722,apkamazon.com.pk,78.2,distant,37.24,21.121,21.121,37.238
nayatel,65892,apkamazon.com.pk,2.7,local,1.29,0.564,1.0,1.286
fasttel,1014872,apkamazon.com.pk,202.4,distant,96.38,92.083,92.083,96.381
nova,1015679,apkamazon.com.pk,92.7,distant,44.14,33.235,33.235,44.143
cybernet,1016036,apkamazon.com.pk,22.8,regional,10.86,9.37,9.37,10.857
ptcl,1016126,apkamazon.com.pk,264.1,distant,125.76,73.331,73.331,125.762
cybernet,1016143,apkamazon.com.pk,4.5,local,2.14,1.25,1.25,2.143
cybernet,1016154,apkamazon.com.pk,3.6,local,1.71,0.8,1.0,1.714
ptcl,1016393,apkamazon.com.pk,269.3,distant,128.24,68.859,68.859,128.238
zcom,7613,auroracloset.pk,15.7,regional,6.28,5.368,5.368,6.28
nayatel,60223,auroracloset.pk,2.5,local,1.0,0.447,1.0,1.0
transworld,62224,auroracloset.pk,18.7,regional,7.48,6.299,6.299,7.48
tes,64078,auroracloset.pk,22.4,regional,8.96,7.715,7.715,8.96
orbit,64535,auroracloset.pk,18.0,regional,7.2,4.431,4.431,7.2
tes,64722,auroracloset.pk,2.8,local,1.12,0.215,1.0,1.12
nayatel,65892,auroracloset.pk,2.9,local,1.16,0.559,1.0,1.16
fasttel,1014872,auroracloset.pk,21.7,regional,8.68,8.352,8.352,8.68
nova,1015679,auroracloset.pk,17.4,regional,6.96,5.821,5.821,6.96
cybernet,1016036,auroracloset.pk,117.6,distant,47.04,41.506,41.506,47.04
ptcl,1016126,auroracloset.pk,25.3,regional,10.12,8.712,8.712,10.12
cybernet,1016143,auroracloset.pk,99.2,distant,39.68,34.186,34.186,39.68
cybernet,1016154,auroracloset.pk,108.6,distant,43.44,37.416,37.416,43.44
ptcl,1016393,auroracloset.pk,25.4,regional,10.16,5.892,5.892,10.16
zcom,7613,burgeroclock.com.pk,16.0,regional,6.67,5.29,5.29,6.667
nayatel,60223,burgeroclock.com.pk,2.4,local,1.0,0.422,1.0,1.0
transworld,62224,burgeroclock.com.pk,20.2,regional,8.42,6.582,6.582,8.417
tes,64078,burgeroclock.com.pk,21.8,regional,9.08,7.258,7.258,9.083
orbit,64535,burgeroclock.com.pk,19.2,regional,8.0,4.613,4.613,8.0
tes,64722,burgeroclock.com.pk,2.8,local,1.17,0.683,1.0,1.167
nayatel,65892,burgeroclock.com.pk,3.0,local,1.25,0.59,1.0,1.25
fasttel,1014872,burgeroclock.com.pk,22.1,regional,9.21,8.847,8.847,9.208
nova,1015679,burgeroclock.com.pk,17.6,regional,7.33,5.697,5.697,7.333
cybernet,1016036,burgeroclock.com.pk,22.7,regional,9.46,8.305,8.305,9.458
ptcl,1016126,burgeroclock.com.pk,25.3,regional,10.54,8.712,8.712,10.542
cybernet,1016143,burgeroclock.com.pk,4.4,local,1.83,1.516,1.516,1.833
cybernet,1016154,burgeroclock.com.pk,4.0,local,1.67,1.378,1.378,1.667
ptcl,1016393,burgeroclock.com.pk,23.6,regional,9.83,5.604,5.604,9.833
zcom,7613,businesslist.pk,91.2,distant,38.0,32.285,32.285,38.0
nayatel,60223,businesslist.pk,2.4,local,1.0,0.437,1.0,1.0
transworld,62224,businesslist.pk,95.8,distant,39.92,33.392,33.392,39.917
tes,64078,businesslist.pk,97.4,distant,40.58,34.744,34.744,40.583
orbit,64535,businesslist.pk,93.3,distant,38.88,23.549,23.549,38.875
tes,64722,businesslist.pk,78.2,distant,32.58,19.061,19.061,32.583
nayatel,65892,businesslist.pk,2.8,local,1.17,0.55,1.0,1.167
fasttel,1014872,businesslist.pk,127.6,distant,53.17,51.08,51.08,53.167
nova,1015679,businesslist.pk,92.7,distant,38.62,32.085,32.085,38.625
cybernet,1016036,businesslist.pk,22.8,regional,9.5,8.342,8.342,9.5
ptcl,1016126,businesslist.pk,136.6,distant,56.92,34.137,34.137,56.917
cybernet,1016143,businesslist.pk,4.3,local,1.79,1.075,1.075,1.792
cybernet,1016154,businesslist.pk,4.0,local,1.67,0.93,1.0,1.667
ptcl,1016393,businesslist.pk,131.3,distant,54.71,31.181,31.181,54.708
zcom,7613,digikhata.pk,16.1,regional,6.44,5.909,5.909,6.44
nayatel,60223,digikhata.pk,2.5,local,1.0,0.464,1.0,1.0
transworld,62224,digikhata.pk,19.6,regional,7.84,7.079,7.079,7.84
tes,64078,digikhata.pk,22.6,regional,9.04,8.36,8.36,9.04
orbit,64535,digikhata.pk,18.4,regional,7.36,4.765,4.765,7.36
tes,64722,digikhata.pk,2.7,local,1.08,0.658,1.0,1.08
nayatel,65892,digikhata.pk,2.7,local,1.08,0.521,1.0,1.08
fasttel,1014872,digikhata.pk,127.5,distant,51.0,49.076,49.076,51.0
nova,1015679,digikhata.pk,17.1,regional,6.84,6.131,6.131,6.84
cybernet,1016036,digikhata.pk,22.6,regional,9.04,7.977,7.977,9.04
ptcl,1016126,digikhata.pk,130.0,distant,52.0,46.363,46.363,52.0
cybernet,1016143,digikhata.pk,4.1,local,1.64,1.463,1.463,1.64
cybernet,1016154,digikhata.pk,4.0,local,1.6,1.427,1.427,1.6
ptcl,1016393,digikhata.pk,131.2,distant,52.48,30.434,30.434,52.48
zcom,7613,dogar.com.pk,91.3,distant,33.81,32.321,32.321,33.815
nayatel,60223,dogar.com.pk,2.7,local,1.0,0.492,1.0,1.0
transworld,62224,dogar.com.pk,95.9,distant,35.52,33.427,33.427,35.519
tes,64078,dogar.com.pk,98.0,distant,36.3,34.958,34.958,36.296
orbit,64535,dogar.com.pk,95.0,distant,35.19,23.978,23.978,35.185
tes,64722,dogar.com.pk,78.0,distant,28.89,19.987,19.987,28.889
nayatel,65892,dogar.com.pk,2.8,local,1.04,0.52,1.0,1.037
fasttel,1014872,dogar.com.pk,201.0,distant,74.44,71.836,71.836,74.444
nova,1015679,dogar.com.pk,92.3,distant,34.19,31.946,31.946,34.185
cybernet,1016036,dogar.com.pk,22.6,regional,8.37,7.451,7.451,8.37
ptcl,1016126,dogar.com.pk,269.5,distant,99.81,70.894,70.894,99.815
cybernet,1016143,dogar.com.pk,4.3,local,1.59,1.131,1.131,1.593
cybernet,1016154,dogar.com.pk,3.8,local,1.41,0.883,1.0,1.407
ptcl,1016393,dogar.com.pk,267.7,distant,99.15,59.345,59.345,99.148
zcom,7613,historicalpoint.pk,94.9,distant,37.96,34.828,34.828,37.96
nayatel,60223,historicalpoint.pk,2.5,local,1.0,0.464,1.0,1.0
transworld,62224,historicalpoint.pk,94.7,distant,37.88,34.201,34.201,37.88
tes,64078,historicalpoint.pk,97.7,distant,39.08,36.14,36.14,39.08
orbit,64535,historicalpoint.pk,93.9,distant,37.56,24.315,24.315,37.56
tes,64722,historicalpoint.pk,78.0,distant,31.2,21.652,21.652,31.2
nayatel,65892,historicalpoint.pk,2.7,local,1.08,0.521,1.0,1.08
fasttel,1014872,historicalpoint.pk,200.9,distant,80.36,77.328,77.328,80.36
nova,1015679,historicalpoint.pk,92.6,distant,37.04,33.199,33.199,37.04
cybernet,1016036,historicalpoint.pk,22.5,regional,9.0,7.941,7.941,9.0
ptcl,1016126,historicalpoint.pk,262.7,distant,105.08,75.026,75.026,105.08
cybernet,1016143,historicalpoint.pk,4.5,local,1.8,1.285,1.285,1.8
cybernet,1016154,historicalpoint.pk,3.5,local,1.4,0.778,1.0,1.4
ptcl,1016393,historicalpoint.pk,268.3,distant,107.32,62.237,62.237,107.32
zcom,7613,honda.com.pk,16.3,regional,7.41,5.216,5.216,7.409
nayatel,60223,honda.com.pk,2.2,local,1.0,0.38,1.0,1.0
transworld,62224,honda.com.pk,19.9,regional,9.05,6.28,6.28,9.045
tes,64078,honda.com.pk,22.3,regional,10.14,7.186,7.186,10.136
orbit,64535,honda.com.pk,18.8,regional,8.55,4.411,4.411,8.545
tes,64722,honda.com.pk,2.9,local,1.32,0.828,1.0,1.318
nayatel,65892,honda.com.pk,3.1,local,1.41,0.634,1.0,1.409
fasttel,1014872,honda.com.pk,22.0,regional,10.0,9.573,9.573,10.0
nova,1015679,honda.com.pk,17.0,regional,7.73,5.33,5.33,7.727
cybernet,1016036,honda.com.pk,22.6,regional,10.27,8.921,8.921,10.273
ptcl,1016126,honda.com.pk,25.5,regional,11.59,8.489,8.489,11.591
cybernet,1016143,honda.com.pk,4.1,local,1.86,1.366,1.366,1.864
cybernet,1016154,honda.com.pk,3.4,local,1.55,1.132,1.132,1.545
ptcl,1016393,honda.com.pk,23.9,regional,10.86,5.959,5.959,10.864
zcom,7613,logoofficial.com,16.1,regional,6.44,6.134,6.134,6.44
nayatel,60223,logoofficial.com,2.5,local,1.0,0.473,1.0,1.0
transworld,62224,logoofficial.com,19.4,regional,7.76,7.269,7.269,7.76
tes,64078,logoofficial.com,22.5,regional,9.0,8.643,8.643,9.0
orbit,64535,logoofficial.com,18.5,regional,7.4,4.918,4.918,7.4
tes,64722,logoofficial.com,2.8,local,1.12,0.22,1.0,1.12
nayatel,65892,logoofficial.com,2.6,local,1.04,0.501,1.0,1.04
fasttel,1014872,logoofficial.com,22.2,regional,8.88,8.545,8.545,8.88
nova,1015679,logoofficial.com,17.3,regional,6.92,6.433,6.433,6.92
cybernet,1016036,logoofficial.com,127.6,distant,51.04,45.036,45.036,51.04
ptcl,1016126,logoofficial.com,25.2,regional,10.08,8.678,8.678,10.08
cybernet,1016143,logoofficial.com,99.4,distant,39.76,34.254,34.254,39.76
cybernet,1016154,logoofficial.com,99.1,distant,39.64,34.143,34.143,39.64
ptcl,1016393,logoofficial.com,28.4,regional,11.36,6.588,6.588,11.36
zcom,7613,meerzah.pk,15.7,regional,6.54,5.762,5.762,6.542
nayatel,60223,meerzah.pk,2.4,local,1.0,0.445,1.0,1.0
transworld,62224,meerzah.pk,19.0,regional,7.92,6.862,6.862,7.917
tes,64078,meerzah.pk,22.0,regional,9.17,8.138,8.138,9.167
orbit,64535,meerzah.pk,18.5,regional,7.71,4.79,4.79,7.708
tes,64722,meerzah.pk,2.4,local,1.0,0.187,1.0,1.0
nayatel,65892,meerzah.pk,2.7,local,1.13,0.531,1.0,1.125
fasttel,1014872,meerzah.pk,21.5,regional,8.96,8.607,8.607,8.958
nova,1015679,meerzah.pk,17.1,regional,7.13,6.131,6.131,7.125
cybernet,1016036,meerzah.pk,117.3,distant,48.88,42.915,42.915,48.875
ptcl,1016126,meerzah.pk,25.2,regional,10.5,10.064,10.064,10.5
cybernet,1016143,meerzah.pk,99.1,distant,41.29,39.611,39.611,41.292
cybernet,1016154,meerzah.pk,108.7,distant,45.29,43.436,43.436,45.292
ptcl,1016393,meerzah.pk,27.6,regional,11.5,6.554,6.554,11.5
zcom,7613,mepcoebillcheck.pk,91.0,distant,39.57,31.113,31.113,39.565
nayatel,60223,mepcoebillcheck.pk,2.3,local,1.0,0.412,1.0,1.0
transworld,62224,mepcoebillcheck.pk,95.0,distant,41.3,31.998,31.998,41.304
tes,64078,mepcoebillcheck.pk,97.7,distant,42.48,33.65,33.65,42.478
orbit,64535,mepcoebillcheck.pk,93.9,distant,40.83,23.117,23.117,40.826
tes,64722,mepcoebillcheck.pk,78.1,distant,33.96,20.013,20.013,33.957
nayatel,65892,mepcoebillcheck.pk,2.9,local,1.26,0.581,1.0,1.261
fasttel,1014872,mepcoebillcheck.pk,202.9,distant,88.22,84.611,84.611,88.217
nova,1015679,mepcoebillcheck.pk,96.4,distant,41.91,32.249,32.249,41.913
cybernet,1016036,mepcoebillcheck.pk,23.1,regional,10.04,8.772,8.772,10.043
ptcl,1016126,mepcoebillcheck.pk,265.5,distant,115.43,69.841,69.841,115.435
cybernet,1016143,mepcoebillcheck.pk,4.3,local,1.87,1.131,1.131,1.87
cybernet,1016154,mepcoebillcheck.pk,3.8,local,1.65,0.883,1.0,1.652
ptcl,1016393,mepcoebillcheck.pk,269.4,distant,117.13,65.533,65.533,117.13
zcom,7613,motifz.com.pk,15.7,regional,7.14,5.368,5.368,7.136
nayatel,60223,motifz.com.pk,2.2,local,1.0,0.394,1.0,1.0
transworld,62224,motifz.com.pk,20.1,regional,9.14,6.77,6.77,9.136
tes,64078,motifz.com.pk,21.9,regional,9.95,7.543,7.543,9.955
orbit,64535,motifz.com.pk,18.6,regional,8.45,4.579,4.579,8.455
tes,64722,motifz.com.pk,2.8,local,1.27,0.215,1.0,1.273
nayatel,65892,motifz.com.pk,2.9,local,1.32,0.593,1.0,1.318
fasttel,1014872,motifz.com.pk,21.8,regional,9.91,9.486,9.486,9.909
nova,1015679,motifz.com.pk,17.4,regional,7.91,5.821,5.821,7.909
cybernet,1016036,motifz.com.pk,117.5,distant,53.41,46.382,46.382,53.409
ptcl,1016126,motifz.com.pk,25.2,regional,11.45,8.678,8.678,11.455
cybernet,1016143,motifz.com.pk,99.4,distant,45.18,34.254,34.254,45.182
cybernet,1016154,motifz.com.pk,108.7,distant,49.41,37.45,37.45,49.409
ptcl,1016393,motifz.com.pk,27.7,regional,12.59,6.906,6.906,12.591
zcom,7613,pesconlinebill.pk,91.3,distant,43.48,33.507,33.507,43.476
nayatel,60223,pesconlinebill.pk,2.1,local,1.0,0.39,1.0,1.0
transworld,62224,pesconlinebill.pk,95.2,distant,45.33,34.381,34.381,45.333
tes,64078,pesconlinebill.pk,98.1,distant,46.71,36.288,36.288,46.714
orbit,64535,pesconlinebill.pk,93.4,distant,44.48,24.185,24.185,44.476
tes,64722,pesconlinebill.pk,78.1,distant,37.19,20.539,20.539,37.19
nayatel,65892,pesconlinebill.pk,2.7,local,1.29,0.564,1.0,1.286
fasttel,1014872,pesconlinebill.pk,127.1,distant,60.52,57.825,57.825,60.524
nova,1015679,pesconlinebill.pk,92.3,distant,43.95,33.092,33.092,43.952
cybernet,1016036,pesconlinebill.pk,22.6,regional,10.76,9.288,9.288,10.762
ptcl,1016126,pesconlinebill.pk,129.8,distant,61.81,35.067,35.067,61.81
cybernet,1016143,pesconlinebill.pk,4.3,local,2.05,1.162,1.162,2.048
cybernet,1016154,pesconlinebill.pk,3.7,local,1.76,0.86,1.0,1.762
ptcl,1016393,pesconlinebill.pk,129.9,distant,61.86,33.215,33.215,61.857
zcom,7613,pinkpetals.pk,91.9,distant,39.96,29.41,29.41,39.957
nayatel,60223,pinkpetals.pk,2.3,local,1.0,0.397,1.0,1.0
transworld,62224,pinkpetals.pk,94.2,distant,40.96,29.726,29.726,40.957
tes,64078,pinkpetals.pk,97.3,distant,42.3,31.353,31.353,42.304
orbit,64535,pinkpetals.pk,93.8,distant,40.78,22.009,22.009,40.783
tes,64722,pinkpetals.pk,78.1,distant,33.96,19.513,19.513,33.957
nayatel,65892,pinkpetals.pk,3.1,local,1.35,0.622,1.0,1.348
fasttel,1014872,pinkpetals.pk,200.3,distant,87.09,83.527,83.527,87.087
nova,1015679,pinkpetals.pk,92.8,distant,40.35,29.098,29.098,40.348
cybernet,1016036,pinkpetals.pk,22.3,regional,9.7,8.468,8.468,9.696
ptcl,1016126,pinkpetals.pk,262.9,distant,114.3,67.385,67.385,114.304
cybernet,1016143,pinkpetals.pk,4.5,local,1.96,1.154,1.154,1.957
cybernet,1016154,pinkpetals.pk,3.9,local,1.7,0.866,1.0,1.696
ptcl,1016393,pinkpetals.pk,268.2,distant,116.61,65.241,65.241,116.609
zcom,7613,reading.pk,91.4,distant,33.85,33.544,33.544,33.852
nayatel,60223,reading.pk,2.8,local,1.04,0.52,1.0,1.037
transworld,62224,reading.pk,95.1,distant,35.22,34.345,34.345,35.222
tes,64078,reading.pk,98.3,distant,36.41,36.362,36.362,36.407
orbit,64535,reading.pk,93.7,distant,34.7,24.263,24.263,34.704
tes,64722,reading.pk,78.1,distant,28.93,22.954,22.954,28.926
nayatel,65892,reading.pk,2.7,local,1.0,0.492,1.0,1.0
fasttel,1014872,reading.pk,203.9,distant,75.52,70.358,70.358,75.519
nova,1015679,reading.pk,92.3,distant,34.19,33.092,33.092,34.185
cybernet,1016036,reading.pk,22.0,regional,8.15,7.021,7.021,8.148
ptcl,1016126,reading.pk,276.9,distant,102.56,83.872,83.872,102.556
cybernet,1016143,reading.pk,4.6,local,1.7,1.393,1.393,1.704
cybernet,1016154,reading.pk,3.3,local,1.22,0.717,1.0,1.222
ptcl,1016393,reading.pk,267.6,distant,99.11,58.036,58.036,99.111
zcom,7613,sarazcollection.pk,15.7,regional,7.85,5.762,5.762,7.85
nayatel,60223,sarazcollection.pk,2.0,local,1.0,0.371,1.0,1.0
transworld,62224,sarazcollection.pk,19.7,regional,9.85,7.115,7.115,9.85
tes,64078,sarazcollection.pk,22.3,regional,11.15,8.249,8.249,11.15
orbit,64535,sarazcollection.pk,18.9,regional,9.45,4.894,4.894,9.45
tes,64722,sarazcollection.pk,2.9,local,1.45,0.226,1.0,1.45
nayatel,65892,sarazcollection.pk,2.7,local,1.35,0.576,1.0,1.35
fasttel,1014872,sarazcollection.pk,21.6,regional,10.8,10.295,10.295,10.8
nova,1015679,sarazcollection.pk,17.1,regional,8.55,6.131,6.131,8.55
cybernet,1016036,sarazcollection.pk,117.3,distant,58.65,50.272,50.272,58.65
ptcl,1016126,sarazcollection.pk,25.2,regional,12.6,8.389,8.389,12.6
cybernet,1016143,sarazcollection.pk,99.3,distant,49.65,33.08,33.08,49.65
cybernet,1016154,sarazcollection.pk,108.6,distant,54.3,36.17,36.17,54.3
ptcl,1016393,sarazcollection.pk,25.7,regional,12.85,6.744,6.744,12.85
zcom,7613,skyscanner.pk,30.5,regional,1.68,1.078,1.078,1.676
nayatel,60223,skyscanner.pk,40.1,regional,2.2,1.365,1.365,2.203
transworld,62224,skyscanner.pk,35.6,regional,1.96,1.257,1.257,1.956
tes,64078,skyscanner.pk,37.6,regional,2.07,1.328,1.328,2.066
orbit,64535,skyscanner.pk,34.5,regional,1.9,1.258,1.258,1.896
tes,64722,skyscanner.pk,19.9,regional,1.09,1.087,1.087,1.093
nayatel,65892,skyscanner.pk,39.5,regional,2.17,1.395,1.395,2.17
fasttel,1014872,skyscanner.pk,40.4,regional,2.22,1.379,1.379,2.22
nova,1015679,skyscanner.pk,34.0,regional,1.87,1.2,1.2,1.868
cybernet,1016036,skyscanner.pk,37.3,regional,2.05,1.259,1.259,2.049
ptcl,1016126,skyscanner.pk,43.7,regional,2.4,2.401,2.401,2.401
cybernet,1016143,skyscanner.pk,19.3,regional,1.06,1.06,1.06,1.06
cybernet,1016154,skyscanner.pk,18.2,regional,1.0,0.943,1.0,1.0
ptcl,1016393,skyscanner.pk,43.4,regional,2.38,1.57,1.57,2.385
zcom,7613,thefrontierpost.com,91.1,distant,36.44,31.147,31.147,36.44
nayatel,60223,thefrontierpost.com,2.5,local,1.0,0.447,1.0,1.0
transworld,62224,thefrontierpost.com,95.5,distant,38.2,32.166,32.166,38.2
tes,64078,thefrontierpost.com,97.7,distant,39.08,33.65,33.65,39.08
orbit,64535,thefrontierpost.com,93.4,distant,37.36,22.994,22.994,37.36
tes,64722,thefrontierpost.com,78.4,distant,31.36,19.588,19.588,31.36
nayatel,65892,thefrontierpost.com,2.9,local,1.16,0.559,1.0,1.16
fasttel,1014872,thefrontierpost.com,201.8,distant,80.72,77.674,77.674,80.72
nova,1015679,thefrontierpost.com,92.5,distant,37.0,30.945,30.945,37.0
cybernet,1016036,thefrontierpost.com,22.7,regional,9.08,8.012,8.012,9.08
ptcl,1016126,thefrontierpost.com,269.0,distant,107.6,68.948,68.948,107.6
cybernet,1016143,thefrontierpost.com,4.2,local,1.68,1.077,1.077,1.68
cybernet,1016154,thefrontierpost.com,3.9,local,1.56,0.928,1.0,1.56
ptcl,1016393,thefrontierpost.com,265.7,distant,106.28,61.634,61.634,106.28
zcom,7613,urbanbeauty.pk,16.0,regional,6.96,5.12,5.12,6.957
nayatel,60223,urbanbeauty.pk,2.3,local,1.0,0.397,1.0,1.0
transworld,62224,urbanbeauty.pk,19.2,regional,8.35,6.059,6.059,8.348
tes,64078,urbanbeauty.pk,22.8,regional,9.91,7.347,7.347,9.913
orbit,64535,urbanbeauty.pk,18.4,regional,8.0,4.317,4.317,8.0
tes,64722,urbanbeauty.pk,2.6,local,1.13,0.197,1.0,1.13
nayatel,65892,urbanbeauty.pk,3.1,local,1.35,0.622,1.0,1.348
fasttel,1014872,urbanbeauty.pk,22.6,regional,9.83,9.424,9.424,9.826
nova,1015679,urbanbeauty.pk,16.9,regional,7.35,5.299,5.299,7.348
cybernet,1016036,urbanbeauty.pk,127.6,distant,55.48,48.456,48.456,55.478
ptcl,1016126,urbanbeauty.pk,25.1,regional,10.91,9.283,9.283,10.913
cybernet,1016143,urbanbeauty.pk,99.1,distant,43.09,36.679,36.679,43.087
cybernet,1016154,urbanbeauty.pk,98.4,distant,42.78,36.411,36.411,42.783
ptcl,1016393,urbanbeauty.pk,27.6,regional,12.0,6.714,6.714,12.0
zcom,7613,vidmateapp.com.pk,91.9,distant,39.96,31.421,31.421,39.957
nayatel,60223,vidmateapp.com.pk,2.3,local,1.0,0.412,1.0,1.0
transworld,62224,vidmateapp.com.pk,95.8,distant,41.65,32.267,32.267,41.652
tes,64078,vidmateapp.com.pk,98.1,distant,42.65,33.788,33.788,42.652
orbit,64535,vidmateapp.com.pk,94.3,distant,41.0,23.216,23.216,41.0
tes,64722,vidmateapp.com.pk,78.2,distant,34.0,18.608,18.608,34.0
nayatel,65892,vidmateapp.com.pk,2.9,local,1.26,0.581,1.0,1.261
fasttel,1014872,vidmateapp.com.pk,125.1,distant,54.39,52.168,52.168,54.391
nova,1015679,vidmateapp.com.pk,92.8,distant,40.35,31.045,31.045,40.348
cybernet,1016036,vidmateapp.com.pk,22.2,regional,9.65,8.43,8.43,9.652
ptcl,1016126,vidmateapp.com.pk,136.3,distant,59.26,33.232,33.232,59.261
cybernet,1016143,vidmateapp.com.pk,4.2,local,1.83,1.024,1.024,1.826
cybernet,1016154,vidmateapp.com.pk,4.1,local,1.78,0.976,1.0,1.783
ptcl,1016393,vidmateapp.com.pk,131.1,distant,57.0,31.891,31.891,57.0
zcom,7613,wbm.com.pk,15.7,regional,5.81,5.558,5.558,5.815
nayatel,60223,wbm.com.pk,2.9,local,1.07,0.528,1.0,1.074
transworld,62224,wbm.com.pk,19.3,regional,7.15,6.727,6.727,7.148
tes,64078,wbm.com.pk,22.2,regional,8.22,7.919,7.919,8.222
orbit,64535,wbm.com.pk,19.1,regional,7.07,4.821,4.821,7.074
tes,64722,wbm.com.pk,2.7,local,1.0,0.209,1.0,1.0
nayatel,65892,wbm.com.pk,2.8,local,1.04,0.501,1.0,1.037
fasttel,1014872,wbm.com.pk,22.1,regional,8.19,7.372,7.372,8.185
nova,1015679,wbm.com.pk,17.4,regional,6.44,6.022,6.022,6.444
cybernet,1016036,wbm.com.pk,117.5,distant,43.52,36.34,36.34,43.519
ptcl,1016126,wbm.com.pk,25.2,regional,9.33,8.987,8.987,9.333
cybernet,1016143,wbm.com.pk,99.2,distant,36.74,35.406,35.406,36.741
cybernet,1016154,wbm.com.pk,108.4,distant,40.15,38.68,38.68,40.148
ptcl,1016393,wbm.com.pk,26.2,regional,9.7,5.562,5.562,9.704
zcom,7613,zarajahan.pk,15.7,regional,6.83,5.762,5.762,6.826
nayatel,60223,zarajahan.pk,2.3,local,1.0,0.427,1.0,1.0
transworld,62224,zarajahan.pk,19.2,regional,8.35,6.934,6.934,8.348
tes,64078,zarajahan.pk,22.0,regional,9.57,8.138,8.138,9.565
orbit,64535,zarajahan.pk,18.2,regional,7.91,4.713,4.713,7.913
tes,64722,zarajahan.pk,2.8,local,1.22,0.218,1.0,1.217
nayatel,65892,zarajahan.pk,2.7,local,1.17,0.541,1.0,1.174
fasttel,1014872,zarajahan.pk,21.7,regional,9.43,9.049,9.049,9.435
nova,1015679,zarajahan.pk,17.3,regional,7.52,6.202,6.202,7.522
cybernet,1016036,zarajahan.pk,117.5,distant,51.09,44.62,44.62,51.087
ptcl,1016126,zarajahan.pk,25.1,regional,10.91,8.643,8.643,10.913
cybernet,1016143,zarajahan.pk,99.2,distant,43.13,34.186,34.186,43.13
cybernet,1016154,zarajahan.pk,108.7,distant,47.26,37.45,37.45,47.261
ptcl,1016393,zarajahan.pk,25.3,regional,11.0,6.154,6.154,11.0
zcom,7613,zing.pk,15.8,regional,6.87,5.593,5.593,6.87
nayatel,60223,zing.pk,2.3,local,1.0,0.419,1.0,1.0
transworld,62224,zing.pk,19.4,regional,8.43,6.762,6.762,8.435
tes,64078,zing.pk,22.0,regional,9.57,7.848,7.848,9.565
orbit,64535,zing.pk,18.1,regional,7.87,4.569,4.569,7.87
tes,64722,zing.pk,2.8,local,1.22,0.217,1.0,1.217
nayatel,65892,zing.pk,2.8,local,1.22,0.561,1.0,1.217
fasttel,1014872,zing.pk,21.6,regional,9.39,9.007,9.007,9.391
nova,1015679,zing.pk,17.1,regional,7.43,5.919,5.919,7.435
cybernet,1016036,zing.pk,117.1,distant,50.91,44.469,44.469,50.913
ptcl,1016126,zing.pk,25.1,regional,10.91,8.643,8.643,10.913
cybernet,1016143,zing.pk,99.6,distant,43.3,34.323,34.323,43.304
cybernet,1016154,zing.pk,108.4,distant,47.13,37.347,37.347,47.13
ptcl,1016393,zing.pk,27.5,regional,11.96,6.69,6.69,11.957
zcom,7613,glory-casino.net.pk,91.5,distant,41.59,32.392,32.392,41.591
nayatel,60223,glory-casino.net.pk,2.2,local,1.0,0.401,1.0,1.0
transworld,62224,glory-casino.net.pk,94.4,distant,42.91,32.904,32.904,42.909
tes,64078,glory-casino.net.pk,97.5,distant,44.32,34.779,34.779,44.318
orbit,64535,glory-casino.net.pk,94.7,distant,43.05,23.903,23.903,43.045
tes,64722,glory-casino.net.pk,78.2,distant,35.55,20.038,20.038,35.545
nayatel,65892,glory-casino.net.pk,2.8,local,1.27,0.573,1.0,1.273
fasttel,1014872,glory-casino.net.pk,201.4,distant,91.55,87.64,87.64,91.545
nova,1015679,glory-casino.net.pk,92.7,distant,42.14,32.085,32.085,42.136
cybernet,1016036,glory-casino.net.pk,22.9,regional,10.41,9.04,9.04,10.409
ptcl,1016126,glory-casino.net.pk,277.5,distant,126.14,72.998,72.998,126.136
cybernet,1016143,glory-casino.net.pk,4.2,local,1.91,1.105,1.105,1.909
cybernet,1016154,glory-casino.net.pk,3.8,local,1.73,0.905,1.0,1.727
ptcl,1016393,glory-casino.net.pk,271.7,distant,123.5,67.74,67.74,123.5
zcom,7613,idc.net.pk,137.0,distant,1.16,1.073,1.073,1.165
nayatel,60223,idc.net.pk,133.5,distant,1.14,1.037,1.037,1.135
transworld,62224,idc.net.pk,149.9,distant,1.27,1.174,1.174,1.275
tes,64078,idc.net.pk,138.6,distant,1.18,1.085,1.085,1.179
orbit,64535,idc.net.pk,136.2,distant,1.16,1.074,1.074,1.158
tes,64722,idc.net.pk,122.2,distant,1.04,1.038,1.038,1.039
nayatel,65892,idc.net.pk,134.0,distant,1.14,1.049,1.049,1.139
fasttel,1014872,idc.net.pk,137.1,distant,1.17,1.065,1.065,1.166
nova,1015679,idc.net.pk,136.5,distant,1.16,1.069,1.069,1.161
cybernet,1016036,idc.net.pk,135.7,distant,1.15,1.052,1.052,1.154
ptcl,1016126,idc.net.pk,137.3,distant,1.17,1.167,1.167,1.168
cybernet,1016143,idc.net.pk,117.6,distant,1.0,0.962,1.0,1.0
cybernet,1016154,idc.net.pk,127.0,distant,1.08,1.08,1.08,1.08
ptcl,1016393,idc.net.pk,137.7,distant,1.17,1.084,1.084,1.171
zcom,7613,wancom.net.pk,91.5,distant,35.19,34.86,34.86,35.192
nayatel,60223,wancom.net.pk,2.8,local,1.08,0.53,1.0,1.077
transworld,62224,wancom.net.pk,94.6,distant,36.38,35.445,35.445,36.385
tes,64078,wancom.net.pk,97.1,distant,37.35,37.297,37.297,37.346
orbit,64535,wancom.net.pk,94.4,distant,36.31,25.094,25.094,36.308
tes,64722,wancom.net.pk,78.3,distant,30.12,19.086,19.086,30.115
nayatel,65892,wancom.net.pk,2.6,local,1.0,0.474,1.0,1.0
fasttel,1014872,wancom.net.pk,202.2,distant,77.77,69.772,69.772,77.769
nova,1015679,wancom.net.pk,92.9,distant,35.73,34.545,34.545,35.731
cybernet,1016036,wancom.net.pk,22.5,regional,8.65,7.181,7.181,8.654
ptcl,1016126,wancom.net.pk,262.7,distant,101.04,65.651,65.651,101.038
cybernet,1016143,wancom.net.pk,4.4,local,1.69,1.1,1.1,1.692
cybernet,1016154,wancom.net.pk,4.0,local,1.54,0.909,1.0,1.538
ptcl,1016393,wancom.net.pk,262.4,distant,100.92,56.908,56.908,100.923
zcom,7613,bnbwu.edu.pk,131.7,distant,1.26,1.232,1.232,1.263
nayatel,60223,bnbwu.edu.pk,128.0,distant,1.23,1.226,1.226,1.227
transworld,62224,bnbwu.edu.pk,138.3,distant,1.33,1.293,1.293,1.326
tes,64078,bnbwu.edu.pk,134.1,distant,1.29,1.254,1.254,1.286
orbit,64535,bnbwu.edu.pk,131.0,distant,1.26,1.228,1.228,1.256
tes,64722,bnbwu.edu.pk,118.2,distant,1.13,1.111,1.111,1.133
nayatel,65892,bnbwu.edu.pk,188.7,distant,1.81,1.765,1.765,1.809
fasttel,1014872,bnbwu.edu.pk,104.3,distant,1.0,0.901,1.0,1.0
nova,1015679,bnbwu.edu.pk,134.7,distant,1.29,1.259,1.259,1.291
cybernet,1016036,bnbwu.edu.pk,128.5,distant,1.23,1.227,1.227,1.232
ptcl,1016126,bnbwu.edu.pk,106.3,distant,1.02,0.967,1.0,1.019
cybernet,1016143,bnbwu.edu.pk,110.4,distant,1.06,1.039,1.039,1.058
cybernet,1016154,bnbwu.edu.pk,109.9,distant,1.05,1.034,1.034,1.054
ptcl,1016393,bnbwu.edu.pk,114.0,distant,1.09,1.075,1.075,1.093
zcom,7613,ibcc.edu.pk,16.3,regional,7.09,5.573,5.573,7.087
nayatel,60223,ibcc.edu.pk,2.3,local,1.0,0.412,1.0,1.0
transworld,62224,ibcc.edu.pk,18.9,regional,8.22,6.366,6.366,8.217
tes,64078,ibcc.edu.pk,22.8,regional,9.91,7.853,7.853,9.913
orbit,64535,ibcc.edu.pk,18.3,regional,7.96,4.505,4.505,7.957
tes,64722,ibcc.edu.pk,2.8,local,1.22,0.756,1.0,1.217
nayatel,65892,ibcc.edu.pk,2.9,local,1.26,0.581,1.0,1.261
fasttel,1014872,ibcc.edu.pk,21.2,regional,9.22,8.841,8.841,9.217
nova,1015679,ibcc.edu.pk,17.4,regional,7.57,5.821,5.821,7.565
cybernet,1016036,ibcc.edu.pk,22.8,regional,9.91,8.658,8.658,9.913
ptcl,1016126,ibcc.edu.pk,25.5,regional,11.09,8.781,8.781,11.087
cybernet,1016143,ibcc.edu.pk,4.2,local,1.83,1.447,1.447,1.826
cybernet,1016154,ibcc.edu.pk,3.6,local,1.57,1.24,1.24,1.565
ptcl,1016393,ibcc.edu.pk,24.9,regional,10.83,6.057,6.057,10.826
zcom,7613,uos.edu.pk,95.2,distant,39.67,32.549,32.549,39.667
nayatel,60223,uos.edu.pk,2.4,local,1.0,0.43,1.0,1.0
transworld,62224,uos.edu.pk,94.8,distant,39.5,31.931,31.931,39.5
tes,64078,uos.edu.pk,97.3,distant,40.54,33.512,33.512,40.542
orbit,64535,uos.edu.pk,94.4,distant,39.33,23.24,23.24,39.333
tes,64722,uos.edu.pk,77.9,distant,32.46,19.463,19.463,32.458
nayatel,65892,uos.edu.pk,2.9,local,1.21,0.57,1.0,1.208
fasttel,1014872,uos.edu.pk,125.4,distant,52.25,50.2,50.2,52.25
nova,1015679,uos.edu.pk,92.7,distant,38.62,31.012,31.012,38.625
cybernet,1016036,uos.edu.pk,22.1,regional,9.21,8.085,8.085,9.208
ptcl,1016126,uos.edu.pk,129.9,distant,54.13,33.295,33.295,54.125
cybernet,1016143,uos.edu.pk,4.3,local,1.79,1.102,1.102,1.792
cybernet,1016154,uos.edu.pk,3.9,local,1.62,0.907,1.0,1.625
ptcl,1016393,uos.edu.pk,129.8,distant,54.08,30.825,30.825,54.083
zcom,7613,zu.edu.pk,16.1,regional,6.71,5.909,5.909,6.708
nayatel,60223,zu.edu.pk,2.4,local,1.0,0.445,1.0,1.0
transworld,62224,zu.edu.pk,20.0,regional,8.33,7.223,7.223,8.333
tes,64078,zu.edu.pk,22.0,regional,9.17,8.138,8.138,9.167
orbit,64535,zu.edu.pk,19.0,regional,7.92,4.92,4.92,7.917
tes,64722,zu.edu.pk,2.7,local,1.13,0.658,1.0,1.125
nayatel,65892,zu.edu.pk,2.7,local,1.13,0.531,1.0,1.125
fasttel,1014872,zu.edu.pk,127.1,distant,52.96,50.88,50.88,52.958
nova,1015679,zu.edu.pk,17.3,regional,7.21,6.202,6.202,7.208
cybernet,1016036,zu.edu.pk,22.6,regional,9.42,8.268,8.268,9.417
ptcl,1016126,zu.edu.pk,129.8,distant,54.08,46.291,46.291,54.083
cybernet,1016143,zu.edu.pk,4.4,local,1.83,1.57,1.57,1.833
cybernet,1016154,zu.edu.pk,4.0,local,1.67,1.427,1.427,1.667
ptcl,1016393,zu.edu.pk,132.2,distant,55.08,31.395,31.395,55.083
zcom,7613,pesco.com.pk,91.1,distant,41.41,32.25,32.25,41.409
nayatel,60223,pesco.com.pk,2.2,local,1.0,0.401,1.0,1.0
transworld,62224,pesco.com.pk,96.4,distant,43.82,33.601,33.601,43.818
tes,64078,pesco.com.pk,97.4,distant,44.27,34.744,34.744,44.273
orbit,64535,pesco.com.pk,94.4,distant,42.91,23.827,23.827,42.909
tes,64722,pesco.com.pk,78.1,distant,35.5,19.037,19.037,35.5
nayatel,65892,pesco.com.pk,2.8,local,1.27,0.573,1.0,1.273
fasttel,1014872,pesco.com.pk,202.5,distant,92.05,88.119,88.119,92.045
nova,1015679,pesco.com.pk,92.7,distant,42.14,32.085,32.085,42.136
cybernet,1016036,pesco.com.pk,22.5,regional,10.23,8.882,8.882,10.227
ptcl,1016126,pesco.com.pk,272.4,distant,123.82,68.075,68.075,123.818
cybernet,1016143,pesco.com.pk,4.4,local,2.0,1.1,1.1,2.0
cybernet,1016154,pesco.com.pk,4.0,local,1.82,0.909,1.0,1.818
ptcl,1016393,pesco.com.pk,267.0,distant,121.36,66.568,66.568,121.364
zcom,7613,khushhalibank.com.pk,225.4,distant,1.46,1.456,1.456,1.456
nayatel,60223,khushhalibank.com.pk,170.6,distant,1.1,1.083,1.083,1.102
transworld,62224,khushhalibank.com.pk,314.4,distant,2.03,2.03,2.03,2.031
tes,64078,khushhalibank.com.pk,251.8,distant,1.63,1.627,1.627,1.627
orbit,64535,khushhalibank.com.pk,228.2,distant,1.47,1.463,1.463,1.474
tes,64722,khushhalibank.com.pk,282.9,distant,1.83,1.805,1.805,1.828
nayatel,65892,khushhalibank.com.pk,154.8,distant,1.0,0.95,1.0,1.0
fasttel,1014872,khushhalibank.com.pk,160.3,distant,1.04,1.018,1.018,1.036
nova,1015679,khushhalibank.com.pk,309.0,distant,2.0,1.995,1.995,1.996
cybernet,1016036,khushhalibank.com.pk,318.4,distant,2.06,2.018,2.018,2.057
ptcl,1016126,khushhalibank.com.pk,156.6,distant,1.01,0.95,1.0,1.012
cybernet,1016143,khushhalibank.com.pk,290.7,distant,1.88,1.856,1.856,1.878
cybernet,1016154,khushhalibank.com.pk,303.0,distant,1.96,1.935,1.935,1.957
ptcl,1016393,khushhalibank.com.pk,170.4,distant,1.1,1.081,1.081,1.101
zcom,7613,mcb.com.pk,126.0,distant,1.26,1.261,1.261,1.261
nayatel,60223,mcb.com.pk,126.4,distant,1.27,1.232,1.232,1.265
transworld,62224,mcb.com.pk,133.7,distant,1.34,1.337,1.337,1.338
tes,64078,mcb.com.pk,137.9,distant,1.38,1.38,1.38,1.38
orbit,64535,mcb.com.pk,130.9,distant,1.31,1.295,1.295,1.31
tes,64722,mcb.com.pk,113.6,distant,1.14,1.101,1.101,1.137
nayatel,65892,mcb.com.pk,99.9,distant,1.0,0.933,1.0,1.0
fasttel,1014872,mcb.com.pk,104.5,distant,1.05,1.02,1.02,1.046
nova,1015679,mcb.com.pk,132.8,distant,1.33,1.328,1.328,1.329
cybernet,1016036,mcb.com.pk,138.6,distant,1.39,1.347,1.347,1.387
ptcl,1016126,mcb.com.pk,103.1,distant,1.03,0.937,1.0,1.032
cybernet,1016143,mcb.com.pk,110.5,distant,1.11,1.072,1.072,1.106
cybernet,1016154,mcb.com.pk,119.4,distant,1.2,1.158,1.158,1.195
ptcl,1016393,mcb.com.pk,131.9,distant,1.32,1.284,1.284,1.32
zcom,7613,ajk.gov.pk,90.8,distant,39.48,39.057,39.057,39.478
nayatel,60223,ajk.gov.pk,2.3,local,1.0,0.461,1.0,1.0
transworld,62224,ajk.gov.pk,95.3,distant,41.43,40.229,40.229,41.435
tes,64078,ajk.gov.pk,97.4,distant,42.35,42.285,42.285,42.348
orbit,64535,ajk.gov.pk,94.1,distant,40.91,27.182,27.182,40.913
tes,64722,ajk.gov.pk,78.1,distant,33.96,19.513,19.513,33.957
nayatel,65892,ajk.gov.pk,2.3,local,1.0,0.461,1.0,1.0
fasttel,1014872,ajk.gov.pk,201.4,distant,87.57,83.986,83.986,87.565
nova,1015679,ajk.gov.pk,92.5,distant,40.22,38.716,38.716,40.217
cybernet,1016036,ajk.gov.pk,22.3,regional,9.7,8.468,8.468,9.696
ptcl,1016126,ajk.gov.pk,269.3,distant,117.09,69.025,69.025,117.087
cybernet,1016143,ajk.gov.pk,4.2,local,1.83,1.077,1.077,1.826
cybernet,1016154,ajk.gov.pk,3.9,local,1.7,0.928,1.0,1.696
ptcl,1016393,ajk.gov.pk,267.3,distant,116.22,65.022,65.022,116.217
zcom,7613,joinasf.gov.pk,91.3,distant,39.7,30.184,30.184,39.696
nayatel,60223,joinasf.gov.pk,2.3,local,1.0,0.404,1.0,1.0
transworld,62224,joinasf.gov.pk,95.4,distant,41.48,31.086,31.086,41.478
tes,64078,joinasf.gov.pk,98.3,distant,42.74,32.73,32.73,42.739
orbit,64535,joinasf.gov.pk,94.2,distant,40.96,22.634,22.634,40.957
tes,64722,joinasf.gov.pk,78.3,distant,34.04,20.064,20.064,34.043
nayatel,65892,joinasf.gov.pk,3.0,local,1.3,0.602,1.0,1.304
fasttel,1014872,joinasf.gov.pk,204.8,distant,89.04,85.404,85.404,89.043
nova,1015679,joinasf.gov.pk,92.5,distant,40.22,29.943,29.943,40.217
cybernet,1016036,joinasf.gov.pk,22.6,regional,9.83,8.582,8.582,9.826
ptcl,1016126,joinasf.gov.pk,271.1,distant,117.87,71.315,71.315,117.87
cybernet,1016143,joinasf.gov.pk,4.1,local,1.78,1.079,1.079,1.783
cybernet,1016154,joinasf.gov.pk,3.8,local,1.65,0.927,1.0,1.652
ptcl,1016393,joinasf.gov.pk,269.1,distant,117.0,65.46,65.46,117.0
zcom,7613,paknavy.gov.pk,16.0,regional,6.4,5.12,5.12,6.4
nayatel,60223,paknavy.gov.pk,2.5,local,1.0,0.432,1.0,1.0
transworld,62224,paknavy.gov.pk,20.2,regional,8.08,6.374,6.374,8.08
tes,64078,paknavy.gov.pk,22.9,regional,9.16,7.379,7.379,9.16
orbit,64535,paknavy.gov.pk,18.5,regional,7.4,4.341,4.341,7.4
tes,64722,paknavy.gov.pk,3.0,local,1.2,0.789,1.0,1.2
nayatel,65892,paknavy.gov.pk,3.1,local,1.24,0.598,1.0,1.24
fasttel,1014872,paknavy.gov.pk,21.7,regional,8.68,8.352,8.352,8.68
nova,1015679,paknavy.gov.pk,17.4,regional,6.96,5.456,5.456,6.96
cybernet,1016036,paknavy.gov.pk,23.3,regional,9.32,8.224,8.224,9.32
ptcl,1016126,paknavy.gov.pk,25.4,regional,10.16,8.183,8.183,10.16
cybernet,1016143,paknavy.gov.pk,4.4,local,1.76,1.419,1.419,1.76
cybernet,1016154,paknavy.gov.pk,3.7,local,1.48,1.193,1.193,1.48
ptcl,1016393,paknavy.gov.pk,25.1,regional,10.04,5.822,5.822,10.04
zcom,7613,pnmc.gov.pk,91.3,distant,38.04,33.507,33.507,38.042
nayatel,60223,pnmc.gov.pk,2.4,local,1.0,0.445,1.0,1.0
transworld,62224,pnmc.gov.pk,95.3,distant,39.71,34.418,34.418,39.708
tes,64078,pnmc.gov.pk,98.2,distant,40.92,36.325,36.325,40.917
orbit,64535,pnmc.gov.pk,94.1,distant,39.21,24.366,24.366,39.208
tes,64722,pnmc.gov.pk,78.3,distant,32.62,20.064,20.064,32.625
nayatel,65892,pnmc.gov.pk,2.7,local,1.13,0.531,1.0,1.125
fasttel,1014872,pnmc.gov.pk,201.0,distant,83.75,80.464,80.464,83.75
nova,1015679,pnmc.gov.pk,96.4,distant,40.17,34.562,34.562,40.167
cybernet,1016036,pnmc.gov.pk,22.0,regional,9.17,8.049,8.049,9.167
ptcl,1016126,pnmc.gov.pk,276.8,distant,115.33,72.814,72.814,115.333
cybernet,1016143,pnmc.gov.pk,4.2,local,1.75,1.105,1.105,1.75
cybernet,1016154,pnmc.gov.pk,3.8,local,1.58,0.905,1.0,1.583
ptcl,1016393,pnmc.gov.pk,265.1,distant,110.46,62.955,62.955,110.458
zcom,7613,gamcamedical.pk,91.4,distant,1.18,1.045,1.045,1.181
nayatel,60223,gamcamedical.pk,96.9,distant,1.25,1.094,1.094,1.252
transworld,62224,gamcamedical.pk,95.4,distant,1.23,1.09,1.09,1.233
tes,64078,gamcamedical.pk,98.1,distant,1.27,1.121,1.121,1.267
orbit,64535,gamcamedical.pk,94.8,distant,1.22,1.094,1.094,1.225
tes,64722,gamcamedical.pk,78.7,distant,1.02,1.015,1.015,1.017
nayatel,65892,gamcamedical.pk,98.3,distant,1.27,1.123,1.123,1.27
fasttel,1014872,gamcamedical.pk,96.7,distant,1.25,1.093,1.093,1.249
nova,1015679,gamcamedical.pk,93.0,distant,1.2,1.063,1.063,1.202
cybernet,1016036,gamcamedical.pk,256.3,distant,3.31,2.885,2.885,3.311
ptcl,1016126,gamcamedical.pk,107.5,distant,1.39,1.389,1.389,1.389
cybernet,1016143,gamcamedical.pk,77.4,distant,1.0,0.987,1.0,1.0
cybernet,1016154,gamcamedical.pk,78.4,distant,1.01,1.013,1.013,1.013
ptcl,1016393,gamcamedical.pk,102.2,distant,1.32,1.177,1.177,1.32
zcom,7613,airblue.com,16.1,regional,7.0,6.134,6.134,7.0
nayatel,60223,airblue.com,2.3,local,1.0,0.435,1.0,1.0
transworld,62224,airblue.com,19.9,regional,8.65,7.456,7.456,8.652
tes,64078,airblue.com,22.3,regional,9.7,8.566,8.566,9.696
orbit,64535,airblue.com,19.1,regional,8.3,5.077,5.077,8.304
tes,64722,airblue.com,2.8,local,1.22,0.666,1.0,1.217
nayatel,65892,airblue.com,2.6,local,1.13,0.521,1.0,1.13
fasttel,1014872,airblue.com,21.2,regional,9.22,8.841,8.841,9.217
nova,1015679,airblue.com,16.9,regional,7.35,6.284,6.284,7.348
cybernet,1016036,airblue.com,22.7,regional,9.87,8.62,8.62,9.87
ptcl,1016126,airblue.com,25.4,regional,11.04,8.747,8.747,11.043
cybernet,1016143,airblue.com,4.2,local,1.83,1.447,1.447,1.826
cybernet,1016154,airblue.com,4.1,local,1.78,1.413,1.413,1.783
ptcl,1016393,airblue.com,24.7,regional,10.74,6.008,6.008,10.739
