probe,target,mean,trombone_rounds,noise_flips,genuine_flips,has_genuine
7613,bbise.edu.pk,0.1130952380952381,19,19,0,False
7613,careers635.com.pk,0.005988023952095809,1,1,0,False
7613,cpsp.edu.pk,0.011904761904761904,2,2,0,False
7613,cxtreme.pk,1.0,168,167,0,False
7613,efulife.com,1.0,168,167,0,False
7613,epads.gov.pk,0.005952380952380952,1,1,0,False
7613,fgeha.gov.pk,1.0,168,167,0,False
7613,hrd1902.com.pk,0.041666666666666664,7,7,0,False
7613,iub.edu.pk,0.005952380952380952,1,1,0,False
7613,iulms.edu.pk,0.005988023952095809,1,1,0,False
7613,networld.pk,0.005952380952380952,1,1,0,False
7613,roadmaster.pk,0.005988023952095809,1,1,0,False
7613,sindh.gov.pk,0.017964071856287425,3,3,0,False
7613,sonic.pk,0.005988023952095809,1,1,0,False
7613,sparkbroadband.pk,0.005952380952380952,1,1,0,False
7613,topcity-1.com,0.005988023952095809,1,1,0,False
7613,ztbl.com.pk,1.0,168,167,0,False
60223,bbise.edu.pk,0.10843373493975904,18,17,1,True
60223,cmu.gov.pk,0.006024096385542169,1,0,1,True
60223,cpsp.edu.pk,0.005988023952095809,1,1,0,False
60223,cxtreme.pk,0.2891566265060241,48,47,0,False
60223,efulife.com,0.9939759036144579,165,163,1,True
60223,epads.gov.pk,0.006024096385542169,1,0,1,True
60223,fgeha.gov.pk,0.9939759036144579,165,163,1,True
60223,hrd1902.com.pk,0.024096385542168676,4,4,0,False
60223,networld.pk,0.006024096385542169,1,1,0,False
60223,psca.gop.pk,0.006024096385542169,1,0,1,True
60223,sindh.gov.pk,0.006024096385542169,1,1,0,False
60223,topcity-1.com,0.006024096385542169,1,0,1,True
60223,worldlinkisp.pk,0.006024096385542169,1,0,1,True
60223,ztbl.com.pk,0.9939759036144579,165,163,1,True
62224,bbise.edu.pk,0.041666666666666664,7,7,0,False
62224,cmu.gov.pk,0.017857142857142856,3,3,0,False
62224,cxtreme.pk,0.005952380952380952,1,1,0,False
62224,efulife.com,0.3392857142857143,57,57,0,False
62224,excise.gos.pk,0.005952380952380952,1,1,0,False
62224,fgeha.gov.pk,0.44047619047619047,74,73,0,False
62224,hrd1902.com.pk,0.023809523809523808,4,4,0,False
62224,iub.edu.pk,0.005952380952380952,1,1,0,False
62224,logon.com.pk,0.005952380952380952,1,1,0,False
62224,roadmaster.pk,0.011904761904761904,2,2,0,False
62224,sindh.gov.pk,0.03571428571428571,6,6,0,False
62224,trax.pk,0.005952380952380952,1,1,0,False
62224,ztbl.com.pk,0.23214285714285715,39,38,0,False
64078,bbise.edu.pk,0.11904761904761904,20,18,2,True
64078,careers635.com.pk,0.005988023952095809,1,1,0,False
64078,cpsp.edu.pk,0.005952380952380952,1,1,0,False
64078,cxtreme.pk,0.16071428571428573,27,27,0,False
64078,efulife.com,1.0,168,165,2,True
64078,enc.com.pk,0.4166666666666667,70,70,0,False
64078,fgeha.gov.pk,1.0,168,167,0,False
64078,galaxy.net.pk,0.005952380952380952,1,1,0,False
64078,hrd1902.com.pk,0.017857142857142856,3,3,0,False
64078,kknetworks.com.pk,0.3392857142857143,57,57,0,False
64078,mepco.com.pk,0.38095238095238093,64,64,0,False
64078,networld.pk,0.005952380952380952,1,1,0,False
64078,sindh.gov.pk,0.005952380952380952,1,1,0,False
64078,tevta.gop.pk,0.011904761904761904,2,2,0,False
64078,ztbl.com.pk,1.0,168,167,0,False
64535,bbise.edu.pk,0.11042944785276074,18,16,2,True
64535,cmu.gov.pk,0.018633540372670808,3,2,1,True
64535,cpsp.edu.pk,0.006211180124223602,1,1,0,False
64535,cxtreme.pk,1.0,163,159,3,True
64535,dgcs.gos.pk,0.006172839506172839,1,0,1,True
64535,digiskills.pk,0.012345679012345678,2,2,0,False
64535,dunyanews.tv,0.006134969325153374,1,1,0,False
64535,efulife.com,1.0,163,150,12,True
64535,enc.com.pk,0.1419753086419753,23,22,1,True
64535,epads.gov.pk,0.012269938650306749,2,1,1,True
64535,excise.gos.pk,0.012345679012345678,2,2,0,False
64535,fgeha.gov.pk,1.0,163,162,0,False
64535,galaxy.net.pk,0.018404907975460124,3,3,0,False
64535,gbn.net.pk,0.012269938650306749,2,0,2,True
64535,hrd1902.com.pk,0.03680981595092025,6,2,4,True
64535,iub.edu.pk,0.006134969325153374,1,1,0,False
64535,iulms.edu.pk,0.006134969325153374,1,1,0,False
64535,kknetworks.com.pk,0.05521472392638037,9,9,0,False
64535,logon.com.pk,0.006172839506172839,1,1,0,False
64535,mepco.com.pk,0.08024691358024691,13,13,0,False
64535,mgacs.com.pk,0.012269938650306749,2,2,0,False
64535,networld.pk,0.006134969325153374,1,1,0,False
64535,pefsis.edu.pk,0.012269938650306749,2,1,1,True
64535,psca.gop.pk,0.012269938650306749,2,1,1,True
64535,roadmaster.pk,0.006172839506172839,1,0,1,True
64535,sindh.gov.pk,0.03680981595092025,6,6,0,False
64535,sonic.pk,0.0125,2,2,0,False
64535,tevta.gop.pk,0.006134969325153374,1,1,0,False
64535,topcity-1.com,0.006172839506172839,1,1,0,False
64535,worldlinkisp.pk,0.012345679012345678,2,2,0,False
64535,ztbl.com.pk,1.0,162,157,4,True
64722,bbise.edu.pk,0.11904761904761904,20,19,1,True
64722,cmu.gov.pk,0.011904761904761904,2,2,0,False
64722,dgcs.gos.pk,0.011904761904761904,2,2,0,False
64722,efulife.com,1.0,168,166,1,True
64722,fgeha.gov.pk,1.0,168,167,0,False
64722,hrd1902.com.pk,0.02976190476190476,5,5,0,False
64722,sindh.gov.pk,0.005952380952380952,1,1,0,False
64722,sonic.pk,0.011904761904761904,2,2,0,False
64722,urdu.dunyanews.tv,0.005952380952380952,1,1,0,False
64722,zcomnetworks.com.pk,0.005952380952380952,1,1,0,False
64722,ztbl.com.pk,1.0,168,167,0,False
65892,bbise.edu.pk,0.13095238095238096,22,22,0,False
65892,cxtreme.pk,0.5833333333333334,98,98,0,False
65892,efulife.com,1.0,168,167,0,False
65892,fgeha.gov.pk,1.0,168,167,0,False
65892,hrd1902.com.pk,0.02976190476190476,5,5,0,False
65892,iulms.edu.pk,0.005952380952380952,1,1,0,False
65892,ztbl.com.pk,1.0,168,167,0,False
1014872,bbise.edu.pk,0.16352201257861634,26,18,8,True
1014872,careers635.com.pk,0.006289308176100629,1,1,0,False
1014872,cmu.gov.pk,0.03773584905660377,6,6,0,False
1014872,cpsp.edu.pk,0.06289308176100629,10,7,3,True
1014872,cxtreme.pk,0.06918238993710692,11,4,7,True
1014872,dgcs.gos.pk,0.0440251572327044,7,7,0,False
1014872,digiskills.pk,0.06289308176100629,10,4,6,True
1014872,dunyanews.tv,0.03125,5,4,1,True
1014872,efulife.com,0.9874213836477987,157,104,52,True
1014872,enc.com.pk,0.9433962264150944,150,118,31,True
1014872,epads.gov.pk,0.06918238993710692,11,10,1,True
1014872,excise.gos.pk,0.03773584905660377,6,5,1,True
1014872,fgeha.gov.pk,0.9937106918238994,158,63,94,True
1014872,galaxy.net.pk,0.01875,3,3,0,False
1014872,gbn.net.pk,0.05660377358490566,9,7,2,True
1014872,gnnhd.tv,0.050314465408805034,8,6,2,True
1014872,hrd1902.com.pk,0.0125,2,2,0,False
1014872,iub.edu.pk,0.06918238993710692,11,10,1,True
1014872,iulms.edu.pk,0.0440251572327044,7,6,1,True
1014872,kknetworks.com.pk,0.9622641509433962,153,121,31,True
1014872,logon.com.pk,0.03773584905660377,6,5,1,True
1014872,mepco.com.pk,0.9433962264150944,150,114,35,True
1014872,networld.pk,0.0625,10,7,3,True
1014872,pefsis.edu.pk,0.01875,3,3,0,False
1014872,psca.gop.pk,0.025157232704402517,4,1,3,True
1014872,roadmaster.pk,0.01875,3,3,0,False
1014872,sindh.gov.pk,0.0440251572327044,7,7,0,False
1014872,sonic.pk,1.0,159,121,37,True
1014872,sparkbroadband.pk,0.031446540880503145,5,3,2,True
1014872,tevta.gop.pk,0.06289308176100629,10,5,5,True
1014872,topcity-1.com,0.018867924528301886,3,2,1,True
1014872,trax.pk,1.0,159,136,22,True
1014872,urdu.dunyanews.tv,0.01875,3,3,0,False
1014872,worldlinkisp.pk,0.0440251572327044,7,5,1,True
1014872,zcomnetworks.com.pk,0.05625,9,4,5,True
1014872,ztbl.com.pk,0.9937106918238994,158,55,102,True
1015679,bbise.edu.pk,0.11904761904761904,20,20,0,False
1015679,careers635.com.pk,0.005952380952380952,1,1,0,False
1015679,cmu.gov.pk,0.13095238095238096,22,22,0,False
1015679,cxtreme.pk,0.017857142857142856,3,3,0,False
1015679,efulife.com,1.0,168,167,0,False
1015679,epads.gov.pk,0.005952380952380952,1,1,0,False
1015679,excise.gos.pk,0.005952380952380952,1,1,0,False
1015679,fgeha.gov.pk,1.0,168,167,0,False
1015679,galaxy.net.pk,0.03571428571428571,6,6,0,False
1015679,hrd1902.com.pk,0.13095238095238096,22,22,0,False
1015679,iub.edu.pk,0.08928571428571429,15,15,0,False
1015679,iulms.edu.pk,0.017857142857142856,3,3,0,False
1015679,networld.pk,0.023809523809523808,4,4,0,False
1015679,pefsis.edu.pk,0.005952380952380952,1,1,0,False
1015679,sindh.gov.pk,0.03571428571428571,6,6,0,False
1015679,sonic.pk,0.10714285714285714,18,17,1,True
1015679,topcity-1.com,0.07738095238095238,13,13,0,False
1015679,trax.pk,0.08928571428571429,15,13,2,True
1015679,ztbl.com.pk,1.0,168,167,0,False
1016036,bbise.edu.pk,0.11904761904761904,20,14,6,True
1016036,careers635.com.pk,1.0,168,122,45,True
1016036,dgcs.gos.pk,0.9940476190476191,167,80,86,True
1016036,enc.com.pk,0.6726190476190477,113,68,45,True
1016036,epads.gov.pk,0.9940476190476191,167,105,61,True
1016036,excise.gos.pk,1.0,168,115,52,True
1016036,fgeha.gov.pk,0.9821428571428571,165,164,0,False
1016036,galaxy.net.pk,0.023809523809523808,4,4,0,False
1016036,gbn.net.pk,0.005952380952380952,1,1,0,False
1016036,gnnhd.tv,0.005952380952380952,1,1,0,False
1016036,hrd1902.com.pk,0.017857142857142856,3,3,0,False
1016036,iulms.edu.pk,0.005952380952380952,1,0,1,True
1016036,kknetworks.com.pk,1.0,168,115,52,True
1016036,mepco.com.pk,0.7083333333333334,119,83,36,True
1016036,mgacs.com.pk,0.9940476190476191,167,112,54,True
1016036,networld.pk,0.011904761904761904,2,1,1,True
1016036,pefsis.edu.pk,1.0,168,85,82,True
1016036,psca.gop.pk,0.005952380952380952,1,1,0,False
1016036,roadmaster.pk,1.0,168,99,68,True
1016036,sindh.gov.pk,0.03571428571428571,6,5,1,True
1016036,sonic.pk,0.017857142857142856,3,2,1,True
1016036,tevta.gop.pk,0.011904761904761904,2,2,0,False
1016036,zcomnetworks.com.pk,0.9940476190476191,167,114,52,True
1016036,ztbl.com.pk,0.9880952380952381,166,165,0,False
1016126,bbise.edu.pk,0.15476190476190477,26,25,1,True
1016126,careers635.com.pk,0.03571428571428571,6,6,0,False
1016126,cmu.gov.pk,0.05357142857142857,9,9,0,False
1016126,cpsp.edu.pk,0.02976190476190476,5,5,0,False
1016126,cxtreme.pk,0.011904761904761904,2,2,0,False
1016126,dgcs.gos.pk,0.023809523809523808,4,4,0,False
1016126,digiskills.pk,0.02976190476190476,5,5,0,False
1016126,dunyanews.tv,0.03571428571428571,6,6,0,False
1016126,efulife.com,1.0,168,136,31,True
1016126,enc.com.pk,1.0,168,167,0,False
1016126,epads.gov.pk,0.023809523809523808,4,4,0,False
1016126,excise.gos.pk,0.017857142857142856,3,3,0,False
1016126,fgeha.gov.pk,1.0,168,167,0,False
1016126,galaxy.net.pk,0.03571428571428571,6,6,0,False
1016126,gbn.net.pk,0.011904761904761904,2,2,0,False
1016126,gnnhd.tv,0.02976190476190476,5,5,0,False
1016126,hrd1902.com.pk,0.08333333333333333,14,14,0,False
1016126,iub.edu.pk,0.041666666666666664,7,7,0,False
1016126,iulms.edu.pk,0.017857142857142856,3,3,0,False
1016126,kknetworks.com.pk,1.0,168,167,0,False
1016126,logon.com.pk,0.023809523809523808,4,4,0,False
1016126,mepco.com.pk,1.0,168,167,0,False
1016126,mgacs.com.pk,0.011904761904761904,2,2,0,False
1016126,networld.pk,1.0,168,165,2,True
1016126,pefsis.edu.pk,0.02976190476190476,5,5,0,False
1016126,psca.gop.pk,0.03571428571428571,6,6,0,False
1016126,roadmaster.pk,0.02976190476190476,5,5,0,False
1016126,sindh.gov.pk,0.041666666666666664,7,7,0,False
1016126,sonic.pk,1.0,168,159,8,True
1016126,sparkbroadband.pk,0.023809523809523808,4,4,0,False
1016126,tevta.gop.pk,0.03571428571428571,6,5,1,True
1016126,topcity-1.com,0.041666666666666664,7,7,0,False
1016126,trax.pk,1.0,168,161,6,True
1016126,urdu.dunyanews.tv,0.03571428571428571,6,6,0,False
1016126,worldlinkisp.pk,0.03571428571428571,6,6,0,False
1016126,zcomnetworks.com.pk,0.017857142857142856,3,3,0,False
1016126,ztbl.com.pk,1.0,168,167,0,False
1016143,bbise.edu.pk,0.1130952380952381,19,19,0,False
1016143,cpsp.edu.pk,0.005952380952380952,1,1,0,False
1016143,fgeha.gov.pk,1.0,168,167,0,False
1016143,hrd1902.com.pk,0.023809523809523808,4,4,0,False
1016143,iub.edu.pk,0.005952380952380952,1,1,0,False
1016143,kknetworks.com.pk,1.0,168,167,0,False
1016143,logon.com.pk,0.005952380952380952,1,1,0,False
1016143,zcomnetworks.com.pk,1.0,167,166,0,False
1016143,ztbl.com.pk,1.0,168,167,0,False
