probe_id,probe_isp,target,cls,distance_km,theoretical_ms,measured_ms,ratio,intercity
7613,zcom,588wingames.pk,Abroad,12604.9,123.446,274.6,2.22,True
7764,ptcl,588wingames.pk,Abroad,12607.8,123.474,303.4,2.46,True
60223,nayatel,588wingames.pk,Abroad,12389.5,121.336,290.7,2.4,True
62224,transworld,588wingames.pk,Abroad,12607.8,123.474,282.7,2.29,True
64078,tes,588wingames.pk,Abroad,12603.1,123.428,281.8,2.28,True
64535,orbit,588wingames.pk,Abroad,12638.9,123.778,281.4,2.27,True
64722,tes,588wingames.pk,Abroad,13447.1,131.693,263.8,2.0,True
65892,nayatel,588wingames.pk,Abroad,12603.4,123.431,295.0,2.39,True
1014872,fasttel,588wingames.pk,Abroad,12399.4,121.433,282.4,2.33,True
1015491,zcom,588wingames.pk,Abroad,12599.2,123.389,283.1,2.29,True
1015679,nova,588wingames.pk,Abroad,12608.3,123.479,282.4,2.29,True
1016126,ptcl,588wingames.pk,Abroad,13441.0,131.634,286.5,2.18,True
1016143,cybernet,588wingames.pk,Abroad,13441.2,131.636,257.5,1.96,True
1016154,cybernet,588wingames.pk,Abroad,13441.1,131.635,257.4,1.96,True
1016393,ptcl,588wingames.pk,Abroad,12536.0,122.77,288.6,2.35,True
7613,zcom,777sxgameapp.pk,Abroad,11648.5,114.079,271.0,2.38,True
7764,ptcl,777sxgameapp.pk,Abroad,11654.4,114.137,278.1,2.44,True
60223,nayatel,777sxgameapp.pk,Abroad,11381.4,111.464,290.6,2.61,True
62224,transworld,777sxgameapp.pk,Abroad,11654.3,114.136,291.2,2.55,True
64078,tes,777sxgameapp.pk,Abroad,11647.6,114.071,282.7,2.48,True
64535,orbit,777sxgameapp.pk,Abroad,11631.8,113.916,275.3,2.42,True
64722,tes,777sxgameapp.pk,Abroad,12157.8,119.067,273.5,2.3,True
65892,nayatel,777sxgameapp.pk,Abroad,11648.0,114.074,284.7,2.5,True
1014872,fasttel,777sxgameapp.pk,Abroad,11391.2,111.559,283.6,2.54,True
1015491,zcom,777sxgameapp.pk,Abroad,11643.8,114.033,286.5,2.51,True
1015679,nova,777sxgameapp.pk,Abroad,11655.7,114.15,280.9,2.46,True
1016126,ptcl,777sxgameapp.pk,Abroad,12148.6,118.976,292.2,2.46,True
1016143,cybernet,777sxgameapp.pk,Abroad,12148.8,118.979,325.1,2.73,True
1016154,cybernet,777sxgameapp.pk,Abroad,12148.7,118.978,332.2,2.79,True
1016393,ptcl,777sxgameapp.pk,Abroad,11467.1,112.302,288.8,2.57,True
7613,zcom,apkzone.pk,Abroad,5431.4,53.193,140.5,2.64,True
7764,ptcl,apkzone.pk,Abroad,5439.5,53.271,155.3,2.92,True
60223,nayatel,apkzone.pk,Abroad,5176.4,50.694,138.8,2.74,True
62224,transworld,apkzone.pk,Abroad,5439.4,53.27,136.3,2.56,True
64078,tes,apkzone.pk,Abroad,5432.1,53.199,138.4,2.6,True
64535,orbit,apkzone.pk,Abroad,5353.3,52.427,134.9,2.57,True
64722,tes,apkzone.pk,Abroad,5438.5,53.261,119.8,2.25,True
65892,nayatel,apkzone.pk,Abroad,5432.4,53.202,138.3,2.6,True
1014872,fasttel,apkzone.pk,Abroad,5183.0,50.759,139.2,2.74,True
1015491,zcom,apkzone.pk,Abroad,5429.5,53.174,135.3,2.54,True
1015679,nova,apkzone.pk,Abroad,5441.5,53.291,133.9,2.51,True
1016126,ptcl,apkzone.pk,Abroad,5427.9,53.158,159.6,3.0,True
1016143,cybernet,apkzone.pk,Abroad,5428.1,53.16,118.6,2.23,True
1016154,cybernet,apkzone.pk,Abroad,5428.1,53.16,125.6,2.36,True
1016393,ptcl,apkzone.pk,Abroad,5155.1,50.486,144.6,2.86,True
7613,zcom,bbise.edu.pk,Pakistan,8.3,0.081,27.5,338.61,False
7764,ptcl,bbise.edu.pk,Pakistan,14.8,0.145,33.3,229.3,False
60223,nayatel,bbise.edu.pk,Pakistan,266.6,2.611,33.5,12.83,True
62224,transworld,bbise.edu.pk,Pakistan,14.7,0.144,30.7,212.82,False
64078,tes,bbise.edu.pk,Pakistan,7.5,0.073,33.8,461.7,False
64535,orbit,bbise.edu.pk,Pakistan,116.4,1.14,31.1,27.27,True
64722,tes,bbise.edu.pk,Pakistan,1035.6,10.142,13.4,1.32,True
65892,nayatel,bbise.edu.pk,Pakistan,7.8,0.077,34.1,445.37,False
1014872,fasttel,bbise.edu.pk,Pakistan,257.7,2.524,33.8,13.39,True
1015491,zcom,bbise.edu.pk,Pakistan,4.3,0.042,36.5,875.93,False
1015679,nova,bbise.edu.pk,Pakistan,16.6,0.163,28.9,177.48,False
1016126,ptcl,bbise.edu.pk,Pakistan,1035.9,10.145,37.3,3.68,True
1016143,cybernet,bbise.edu.pk,Pakistan,1036.0,10.146,15.9,1.57,True
1016154,cybernet,bbise.edu.pk,Pakistan,1035.9,10.145,16.1,1.59,True
1016393,ptcl,bbise.edu.pk,Pakistan,285.3,2.794,39.1,13.99,True
7613,zcom,cpsp.edu.pk,Pakistan,1031.0,10.097,16.9,1.67,True
7764,ptcl,cpsp.edu.pk,Pakistan,1033.0,10.116,22.6,2.23,True
60223,nayatel,cpsp.edu.pk,Pakistan,1141.2,11.176,24.3,2.17,True
62224,transworld,cpsp.edu.pk,Pakistan,1032.8,10.115,19.9,1.97,True
64078,tes,cpsp.edu.pk,Pakistan,1033.5,10.122,25.6,2.53,True
64535,orbit,cpsp.edu.pk,Pakistan,942.5,9.23,19.1,2.07,True
64722,tes,cpsp.edu.pk,Pakistan,10.5,0.103,2.8,27.15,False
65892,nayatel,cpsp.edu.pk,Pakistan,1033.4,10.12,25.5,2.52,True
1014872,fasttel,cpsp.edu.pk,Pakistan,1132.8,11.094,23.4,2.11,True
1015491,zcom,cpsp.edu.pk,Pakistan,1036.4,10.15,21.1,2.08,True
1015679,nova,cpsp.edu.pk,Pakistan,1033.7,10.124,18.3,1.81,True
1016126,ptcl,cpsp.edu.pk,Pakistan,0.2,0.002,25.6,16652.25,False
1016143,cybernet,cpsp.edu.pk,Pakistan,0.1,0.001,5.2,3841.01,False
1016154,cybernet,cpsp.edu.pk,Pakistan,0.1,0.001,4.6,3641.61,False
1016393,ptcl,cpsp.edu.pk,Pakistan,964.2,9.443,35.4,3.75,True
7613,zcom,cxtreme.pk,Pakistan,1015.9,9.949,90.1,9.06,True
7764,ptcl,cxtreme.pk,Pakistan,1017.9,9.969,22.5,2.26,True
60223,nayatel,cxtreme.pk,Pakistan,1125.7,11.024,22.1,2.0,True
62224,transworld,cxtreme.pk,Pakistan,1017.8,9.968,20.4,2.05,True
64078,tes,cxtreme.pk,Pakistan,1018.5,9.974,23.2,2.33,True
64535,orbit,cxtreme.pk,Pakistan,927.2,9.08,93.9,10.34,True
64722,tes,cxtreme.pk,Pakistan,20.3,0.199,3.7,18.61,False
65892,nayatel,cxtreme.pk,Pakistan,1018.3,9.973,23.7,2.38,True
1014872,fasttel,cxtreme.pk,Pakistan,1117.3,10.942,23.8,2.18,True
1015491,zcom,cxtreme.pk,Pakistan,1021.3,10.002,19.7,1.97,True
1015679,nova,cxtreme.pk,Pakistan,1018.7,9.977,18.2,1.82,True
1016126,ptcl,cxtreme.pk,Pakistan,15.3,0.15,26.0,172.99,False
1016143,cybernet,cxtreme.pk,Pakistan,15.5,0.152,3.8,25.04,False
1016154,cybernet,cxtreme.pk,Pakistan,15.4,0.151,3.6,23.88,False
1016393,ptcl,cxtreme.pk,Pakistan,948.7,9.292,26.2,2.82,True
7613,zcom,duet.edu.pk,Abroad,13095.5,128.25,263.7,2.06,True
7764,ptcl,duet.edu.pk,Abroad,13102.5,128.318,231.4,1.8,True
60223,nayatel,duet.edu.pk,Abroad,12821.2,125.564,237.6,1.89,True
62224,transworld,duet.edu.pk,Abroad,13102.4,128.317,268.6,2.09,True
64078,tes,duet.edu.pk,Abroad,13095.2,128.247,271.4,2.12,True
64535,orbit,duet.edu.pk,Abroad,13054.7,127.851,267.5,2.09,True
64722,tes,duet.edu.pk,Abroad,13382.9,131.065,251.2,1.92,True
65892,nayatel,duet.edu.pk,Abroad,13095.5,128.25,247.2,1.93,True
1014872,fasttel,duet.edu.pk,Abroad,12830.3,125.653,241.5,1.92,True
1015491,zcom,duet.edu.pk,Abroad,13091.6,128.212,269.5,2.1,True
1015679,nova,duet.edu.pk,Abroad,13104.1,128.334,265.2,2.07,True
1016126,ptcl,duet.edu.pk,Abroad,13372.7,130.965,231.8,1.77,True
1016143,cybernet,duet.edu.pk,Abroad,13372.9,130.967,216.8,1.66,True
1016154,cybernet,duet.edu.pk,Abroad,13372.8,130.966,221.4,1.69,True
1016393,ptcl,duet.edu.pk,Abroad,12870.1,126.043,236.8,1.88,True
7613,zcom,efulife.com,Pakistan,1028.0,10.068,164.8,16.37,True
7764,ptcl,efulife.com,Pakistan,1030.0,10.087,101.3,10.04,True
60223,nayatel,efulife.com,Pakistan,1139.9,11.163,97.3,8.72,True
62224,transworld,efulife.com,Pakistan,1029.8,10.086,95.1,9.43,True
64078,tes,efulife.com,Pakistan,1030.6,10.093,101.4,10.05,True
64535,orbit,efulife.com,Pakistan,940.1,9.207,97.4,10.58,True
64722,tes,efulife.com,Pakistan,4.6,0.045,78.4,1744.74,False
65892,nayatel,efulife.com,Pakistan,1030.4,10.091,103.5,10.26,True
1014872,fasttel,efulife.com,Pakistan,1131.5,11.081,98.7,8.91,True
1015491,zcom,efulife.com,Pakistan,1033.5,10.121,96.1,9.49,True
1015679,nova,efulife.com,Pakistan,1030.7,10.094,96.5,9.56,True
1016126,ptcl,efulife.com,Pakistan,7.3,0.071,108.2,1515.16,False
1016143,cybernet,efulife.com,Pakistan,7.1,0.07,5.0,71.67,False
1016154,cybernet,efulife.com,Pakistan,7.2,0.07,4.7,67.03,False
1016393,ptcl,efulife.com,Pakistan,963.3,9.434,104.3,11.06,True
7613,zcom,en.dailypakistan.com.pk,Abroad,5698.8,55.811,131.1,2.35,True
7764,ptcl,en.dailypakistan.com.pk,Abroad,5706.8,55.89,141.4,2.53,True
60223,nayatel,en.dailypakistan.com.pk,Abroad,5444.2,53.317,132.9,2.49,True
62224,transworld,en.dailypakistan.com.pk,Abroad,5706.7,55.888,134.5,2.41,True
64078,tes,en.dailypakistan.com.pk,Abroad,5699.5,55.817,136.6,2.45,True
64535,orbit,en.dailypakistan.com.pk,Abroad,5620.1,55.04,134.3,2.44,True
64722,tes,en.dailypakistan.com.pk,Abroad,5694.2,55.766,117.9,2.11,True
65892,nayatel,en.dailypakistan.com.pk,Abroad,5699.7,55.82,139.8,2.5,True
1014872,fasttel,en.dailypakistan.com.pk,Abroad,5450.8,53.382,135.2,2.53,True
1015491,zcom,en.dailypakistan.com.pk,Abroad,5696.9,55.792,136.7,2.45,True
1015679,nova,en.dailypakistan.com.pk,Abroad,5708.8,55.909,138.5,2.48,True
1016126,ptcl,en.dailypakistan.com.pk,Abroad,5683.7,55.663,145.5,2.61,True
1016143,cybernet,en.dailypakistan.com.pk,Abroad,5683.9,55.665,113.9,2.05,True
1016154,cybernet,en.dailypakistan.com.pk,Abroad,5683.8,55.664,113.1,2.03,True
1016393,ptcl,en.dailypakistan.com.pk,Abroad,5421.9,53.099,134.6,2.53,True
7613,zcom,enic.pk,Abroad,4563.1,44.689,186.9,4.18,True
7764,ptcl,enic.pk,Abroad,4555.0,44.61,187.6,4.21,True
60223,nayatel,enic.pk,Abroad,4819.3,47.197,197.6,4.19,True
62224,transworld,enic.pk,Abroad,4555.2,44.611,191.6,4.29,True
64078,tes,enic.pk,Abroad,4562.4,44.682,190.5,4.26,True
64535,orbit,enic.pk,Abroad,4642.8,45.47,187.7,4.13,True
64722,tes,enic.pk,Abroad,4727.0,46.294,173.2,3.74,True
65892,nayatel,enic.pk,Abroad,4562.1,44.679,204.9,4.59,True
1014872,fasttel,enic.pk,Abroad,4812.5,47.131,186.9,3.97,True
1015491,zcom,enic.pk,Abroad,4565.0,44.707,193.8,4.33,True
1015679,nova,enic.pk,Abroad,4553.0,44.59,187.7,4.21,True
1016126,ptcl,enic.pk,Abroad,4737.4,46.395,187.2,4.03,True
1016143,cybernet,enic.pk,Abroad,4737.2,46.394,158.1,3.41,True
1016154,cybernet,enic.pk,Abroad,4737.3,46.394,166.4,3.59,True
1016393,ptcl,enic.pk,Abroad,4841.0,47.41,194.1,4.09,True
7613,zcom,epads.gov.pk,Pakistan,904.9,8.862,16.5,1.86,True
7764,ptcl,epads.gov.pk,Pakistan,906.9,8.882,21.3,2.4,True
60223,nayatel,epads.gov.pk,Pakistan,1019.0,9.979,20.8,2.08,True
62224,transworld,epads.gov.pk,Pakistan,906.8,8.88,20.4,2.3,True
64078,tes,epads.gov.pk,Pakistan,907.5,8.887,23.2,2.61,True
64535,orbit,epads.gov.pk,Pakistan,816.9,8.0,35.5,4.44,True
64722,tes,epads.gov.pk,Pakistan,126.0,1.234,3.4,2.76,True
65892,nayatel,epads.gov.pk,Pakistan,907.3,8.886,21.3,2.4,True
1014872,fasttel,epads.gov.pk,Pakistan,1010.5,9.896,23.0,2.32,True
1015491,zcom,epads.gov.pk,Pakistan,910.3,8.915,99.6,11.17,True
1015679,nova,epads.gov.pk,Pakistan,907.7,8.889,17.7,1.99,True
1016126,ptcl,epads.gov.pk,Pakistan,125.9,1.233,25.6,20.76,True
1016143,cybernet,epads.gov.pk,Pakistan,126.0,1.234,4.5,3.65,True
1016154,cybernet,epads.gov.pk,Pakistan,125.9,1.233,4.0,3.24,True
1016393,ptcl,epads.gov.pk,Pakistan,844.0,8.266,23.9,2.89,True
7613,zcom,excise.gos.pk,Pakistan,904.1,8.854,16.5,1.86,True
7764,ptcl,excise.gos.pk,Pakistan,906.1,8.874,21.9,2.47,True
60223,nayatel,excise.gos.pk,Pakistan,1018.2,9.972,20.8,2.09,True
62224,transworld,excise.gos.pk,Pakistan,906.0,8.872,20.5,2.31,True
64078,tes,excise.gos.pk,Pakistan,906.7,8.879,23.0,2.59,True
64535,orbit,excise.gos.pk,Pakistan,816.1,7.992,35.0,4.38,True
64722,tes,excise.gos.pk,Pakistan,126.8,1.242,3.4,2.74,True
65892,nayatel,excise.gos.pk,Pakistan,906.5,8.878,22.7,2.56,True
1014872,fasttel,excise.gos.pk,Pakistan,1009.7,9.888,21.9,2.21,True
1015491,zcom,excise.gos.pk,Pakistan,909.5,8.907,98.9,11.1,True
1015679,nova,excise.gos.pk,Pakistan,906.9,8.881,17.9,2.02,True
1016126,ptcl,excise.gos.pk,Pakistan,126.7,1.241,25.7,20.71,True
1016143,cybernet,excise.gos.pk,Pakistan,126.8,1.242,4.6,3.7,True
1016154,cybernet,excise.gos.pk,Pakistan,126.7,1.241,4.1,3.3,True
1016393,ptcl,excise.gos.pk,Pakistan,843.3,8.258,25.3,3.06,True
7613,zcom,gbappsup.org.pk,Abroad,2404.1,23.544,131.5,5.59,True
7764,ptcl,gbappsup.org.pk,Abroad,2412.2,23.624,146.9,6.22,True
60223,nayatel,gbappsup.org.pk,Abroad,2175.5,21.306,145.8,6.84,True
62224,transworld,gbappsup.org.pk,Abroad,2412.1,23.622,135.5,5.74,True
64078,tes,gbappsup.org.pk,Abroad,2405.2,23.555,136.9,5.81,True
64535,orbit,gbappsup.org.pk,Abroad,2312.0,22.642,132.9,5.87,True
64722,tes,gbappsup.org.pk,Abroad,2360.2,23.115,120.6,5.22,True
65892,nayatel,gbappsup.org.pk,Abroad,2405.4,23.558,147.0,6.24,True
1014872,fasttel,gbappsup.org.pk,Abroad,2180.2,21.352,138.5,6.49,True
1015491,zcom,gbappsup.org.pk,Abroad,2403.2,23.536,138.1,5.87,True
1015679,nova,gbappsup.org.pk,Abroad,2414.3,23.644,146.7,6.2,True
1016126,ptcl,gbappsup.org.pk,Abroad,2349.8,23.013,150.2,6.53,True
1016143,cybernet,gbappsup.org.pk,Abroad,2350.1,23.015,129.3,5.62,True
1016154,cybernet,gbappsup.org.pk,Abroad,2350.0,23.014,132.9,5.77,True
1016393,ptcl,gbappsup.org.pk,Abroad,2116.5,20.728,151.7,7.32,True
7613,zcom,gbn.net.pk,Pakistan,783.9,7.677,19.3,2.51,True
7764,ptcl,gbn.net.pk,Pakistan,785.9,7.697,21.5,2.79,True
60223,nayatel,gbn.net.pk,Pakistan,901.1,8.825,25.3,2.87,True
62224,transworld,gbn.net.pk,Pakistan,785.8,7.696,22.7,2.95,True
64078,tes,gbn.net.pk,Pakistan,786.4,7.702,25.4,3.3,True
64535,orbit,gbn.net.pk,Pakistan,695.9,6.815,37.7,5.53,True
64722,tes,gbn.net.pk,Pakistan,247.1,2.42,5.4,2.23,True
65892,nayatel,gbn.net.pk,Pakistan,786.3,7.7,25.6,3.32,True
1014872,fasttel,gbn.net.pk,Pakistan,892.4,8.74,25.8,2.95,True
1015491,zcom,gbn.net.pk,Pakistan,789.3,7.73,24.7,3.2,True
1015679,nova,gbn.net.pk,Pakistan,786.7,7.705,20.9,2.71,True
1016126,ptcl,gbn.net.pk,Pakistan,247.0,2.419,27.7,11.45,True
1016143,cybernet,gbn.net.pk,Pakistan,247.1,2.42,7.8,3.22,True
1016154,cybernet,gbn.net.pk,Pakistan,247.0,2.419,7.4,3.06,True
1016393,ptcl,gbn.net.pk,Pakistan,728.5,7.134,28.4,3.98,True
7613,zcom,hostpro.com.pk,Abroad,4563.1,44.689,186.3,4.17,True
7764,ptcl,hostpro.com.pk,Abroad,4555.0,44.61,199.8,4.48,True
60223,nayatel,hostpro.com.pk,Abroad,4819.3,47.197,208.2,4.41,True
62224,transworld,hostpro.com.pk,Abroad,4555.2,44.611,196.7,4.41,True
64078,tes,hostpro.com.pk,Abroad,4562.4,44.682,190.0,4.25,True
64535,orbit,hostpro.com.pk,Abroad,4642.8,45.47,188.2,4.14,True
64722,tes,hostpro.com.pk,Abroad,4727.0,46.294,169.7,3.67,True
65892,nayatel,hostpro.com.pk,Abroad,4562.1,44.679,200.3,4.48,True
1014872,fasttel,hostpro.com.pk,Abroad,4812.5,47.131,188.5,4.0,True
1015491,zcom,hostpro.com.pk,Abroad,4565.0,44.707,191.6,4.29,True
1015679,nova,hostpro.com.pk,Abroad,4553.0,44.59,184.5,4.14,True
1016126,ptcl,hostpro.com.pk,Abroad,4737.4,46.395,187.5,4.04,True
1016143,cybernet,hostpro.com.pk,Abroad,4737.2,46.394,157.9,3.4,True
1016154,cybernet,hostpro.com.pk,Abroad,4737.3,46.394,156.2,3.37,True
1016393,ptcl,hostpro.com.pk,Abroad,4841.0,47.41,193.1,4.07,True
7613,zcom,hrd1902.com.pk,Pakistan,269.1,2.635,36.9,14.0,True
60223,nayatel,hrd1902.com.pk,Pakistan,6.7,0.066,4.0,60.84,False
62224,transworld,hrd1902.com.pk,Pakistan,276.0,2.703,40.5,14.99,True
64078,tes,hrd1902.com.pk,Pakistan,268.8,2.632,4.4,1.67,True
64535,orbit,hrd1902.com.pk,Pakistan,252.9,2.477,38.9,15.7,True
64722,tes,hrd1902.com.pk,Pakistan,1144.0,11.204,25.9,2.31,True
65892,nayatel,hrd1902.com.pk,Pakistan,269.1,2.635,4.4,1.67,True
1014872,fasttel,hrd1902.com.pk,Pakistan,9.4,0.092,5.0,54.54,False
1015491,zcom,hrd1902.com.pk,Pakistan,265.2,2.597,44.6,17.17,True
1015679,nova,hrd1902.com.pk,Pakistan,277.7,2.72,37.5,13.79,True
1016126,ptcl,hrd1902.com.pk,Pakistan,1141.9,11.184,46.2,4.13,True
1016143,cybernet,hrd1902.com.pk,Pakistan,1142.1,11.185,25.3,2.26,True
1016154,cybernet,hrd1902.com.pk,Pakistan,1142.0,11.184,24.9,2.23,True
1016393,ptcl,hrd1902.com.pk,Pakistan,187.7,1.838,35.1,19.1,True
7613,zcom,insta.com.pk,Abroad,11345.6,111.112,195.0,1.75,True
7764,ptcl,insta.com.pk,Abroad,11352.3,111.179,216.2,1.94,True
60223,nayatel,insta.com.pk,Abroad,11071.6,108.43,212.4,1.96,True
62224,transworld,insta.com.pk,Abroad,11352.3,111.178,199.9,1.8,True
64078,tes,insta.com.pk,Abroad,11345.1,111.108,203.0,1.83,True
64535,orbit,insta.com.pk,Abroad,11308.9,110.754,199.7,1.8,True
64722,tes,insta.com.pk,Abroad,11692.0,114.505,183.2,1.6,True
65892,nayatel,insta.com.pk,Abroad,11345.5,111.111,211.6,1.9,True
1014872,fasttel,insta.com.pk,Abroad,11080.8,108.519,200.8,1.85,True
1015491,zcom,insta.com.pk,Abroad,11341.5,111.073,202.7,1.82,True
1015679,nova,insta.com.pk,Abroad,11353.9,111.194,210.9,1.9,True
1016126,ptcl,insta.com.pk,Abroad,11682.0,114.407,220.5,1.93,True
1016143,cybernet,insta.com.pk,Abroad,11682.3,114.41,191.5,1.67,True
1016154,cybernet,insta.com.pk,Abroad,11682.2,114.409,184.6,1.61,True
1016393,ptcl,insta.com.pk,Abroad,11127.5,108.977,217.5,2.0,True
7613,zcom,iub.edu.pk,Pakistan,269.1,2.635,30.3,11.5,True
7764,ptcl,iub.edu.pk,Pakistan,276.1,2.704,25.9,9.58,True
60223,nayatel,iub.edu.pk,Pakistan,6.7,0.066,26.7,406.1,False
62224,transworld,iub.edu.pk,Pakistan,276.0,2.703,34.5,12.77,True
64078,tes,iub.edu.pk,Pakistan,268.8,2.632,16.8,6.38,True
64535,orbit,iub.edu.pk,Pakistan,252.9,2.477,32.8,13.24,True
64722,tes,iub.edu.pk,Pakistan,1144.0,11.204,14.6,1.3,True
65892,nayatel,iub.edu.pk,Pakistan,269.1,2.635,27.3,10.36,True
1014872,fasttel,iub.edu.pk,Pakistan,9.4,0.092,16.5,180.0,False
1015491,zcom,iub.edu.pk,Pakistan,265.2,2.597,33.7,12.97,True
1015679,nova,iub.edu.pk,Pakistan,277.7,2.72,32.2,11.84,True
1016126,ptcl,iub.edu.pk,Pakistan,1141.9,11.184,44.5,3.98,True
1016143,cybernet,iub.edu.pk,Pakistan,1142.1,11.185,17.1,1.53,True
1016154,cybernet,iub.edu.pk,Pakistan,1142.0,11.184,19.0,1.7,True
1016393,ptcl,iub.edu.pk,Pakistan,187.7,1.838,39.8,21.66,True
7613,zcom,ke.com.pk,Abroad,11644.4,114.039,132.7,1.16,True
7764,ptcl,ke.com.pk,Abroad,11651.0,114.104,143.1,1.25,True
60223,nayatel,ke.com.pk,Abroad,11370.8,111.36,136.9,1.23,True
62224,transworld,ke.com.pk,Abroad,11651.0,114.103,137.0,1.2,True
64078,tes,ke.com.pk,Abroad,11643.9,114.034,139.0,1.22,True
64535,orbit,ke.com.pk,Abroad,11610.1,113.703,136.2,1.2,True
64722,tes,ke.com.pk,Abroad,12008.3,117.603,119.9,1.02,True
65892,nayatel,ke.com.pk,Abroad,11644.2,114.037,144.3,1.27,True
1014872,fasttel,ke.com.pk,Abroad,11380.1,111.45,135.9,1.22,True
1015491,zcom,ke.com.pk,Abroad,11640.2,113.998,141.0,1.24,True
1015679,nova,ke.com.pk,Abroad,11652.6,114.119,134.0,1.17,True
1016126,ptcl,ke.com.pk,Abroad,11998.4,117.506,138.6,1.18,True
1016143,cybernet,ke.com.pk,Abroad,11998.6,117.508,128.6,1.09,True
1016154,cybernet,ke.com.pk,Abroad,11998.5,117.507,118.3,1.01,True
1016393,ptcl,ke.com.pk,Abroad,11430.4,111.943,138.7,1.24,True
7613,zcom,kknetworks.com.pk,Pakistan,5.9,0.057,0.8,13.94,False
7764,ptcl,kknetworks.com.pk,Pakistan,11.0,0.108,5.0,46.42,False
60223,nayatel,kknetworks.com.pk,Pakistan,270.4,2.648,7.5,2.83,True
62224,transworld,kknetworks.com.pk,Pakistan,10.9,0.107,3.7,34.61,False
64078,tes,kknetworks.com.pk,Pakistan,4.1,0.04,38.0,955.18,False
64535,orbit,kknetworks.com.pk,Pakistan,118.9,1.165,34.8,29.88,True
64722,tes,kknetworks.com.pk,Pakistan,1035.8,10.144,18.4,1.81,True
65892,nayatel,kknetworks.com.pk,Pakistan,4.4,0.043,7.9,183.32,False
1014872,fasttel,kknetworks.com.pk,Pakistan,261.6,2.562,38.3,14.95,True
1015491,zcom,kknetworks.com.pk,Pakistan,0.3,0.003,8.2,3088.91,False
1015679,nova,kknetworks.com.pk,Pakistan,12.7,0.124,1.9,15.27,False
1016126,ptcl,kknetworks.com.pk,Pakistan,1036.1,10.147,41.2,4.06,True
1016143,cybernet,kknetworks.com.pk,Pakistan,1036.2,10.148,95.4,9.4,True
1016154,cybernet,kknetworks.com.pk,Pakistan,1036.1,10.147,97.1,9.57,True
1016393,ptcl,kknetworks.com.pk,Pakistan,289.1,2.832,14.8,5.23,True
7613,zcom,kppsc.gov.pk,Abroad,5431.4,53.193,138.6,2.61,True
7764,ptcl,kppsc.gov.pk,Abroad,5439.5,53.271,146.2,2.74,True
60223,nayatel,kppsc.gov.pk,Abroad,5176.4,50.694,138.4,2.73,True
62224,transworld,kppsc.gov.pk,Abroad,5439.4,53.27,136.7,2.57,True
64078,tes,kppsc.gov.pk,Abroad,5432.1,53.199,138.4,2.6,True
64535,orbit,kppsc.gov.pk,Abroad,5353.3,52.427,134.8,2.57,True
64722,tes,kppsc.gov.pk,Abroad,5438.5,53.261,119.2,2.24,True
65892,nayatel,kppsc.gov.pk,Abroad,5432.4,53.202,138.9,2.61,True
1014872,fasttel,kppsc.gov.pk,Abroad,5183.0,50.759,136.7,2.69,True
1015491,zcom,kppsc.gov.pk,Abroad,5429.5,53.174,135.5,2.55,True
1015679,nova,kppsc.gov.pk,Abroad,5441.5,53.291,137.3,2.58,True
1016126,ptcl,kppsc.gov.pk,Abroad,5427.9,53.158,140.4,2.64,True
1016143,cybernet,kppsc.gov.pk,Abroad,5428.1,53.16,128.2,2.41,True
1016154,cybernet,kppsc.gov.pk,Abroad,5428.1,53.16,117.9,2.22,True
1016393,ptcl,kppsc.gov.pk,Abroad,5155.1,50.486,139.6,2.77,True
7613,zcom,logon.com.pk,Pakistan,1030.4,10.092,17.2,1.7,True
7764,ptcl,logon.com.pk,Pakistan,1032.4,10.111,22.9,2.26,True
60223,nayatel,logon.com.pk,Pakistan,1141.7,11.181,23.0,2.06,True
62224,transworld,logon.com.pk,Pakistan,1032.3,10.11,21.1,2.09,True
64078,tes,logon.com.pk,Pakistan,1033.0,10.117,22.8,2.25,True
64535,orbit,logon.com.pk,Pakistan,942.3,9.229,18.3,1.98,True
64722,tes,logon.com.pk,Pakistan,6.2,0.06,3.5,58.1,False
65892,nayatel,logon.com.pk,Pakistan,1032.8,10.115,23.7,2.34,True
1014872,fasttel,logon.com.pk,Pakistan,1133.3,11.099,23.5,2.12,True
1015491,zcom,logon.com.pk,Pakistan,1035.9,10.145,19.7,1.94,True
1015679,nova,logon.com.pk,Pakistan,1033.2,10.118,18.7,1.85,True
1016126,ptcl,logon.com.pk,Pakistan,4.5,0.044,26.9,613.63,False
1016143,cybernet,logon.com.pk,Pakistan,4.3,0.042,5.6,134.15,False
1016154,cybernet,logon.com.pk,Pakistan,4.3,0.042,23.6,556.72,False
1016393,ptcl,logon.com.pk,Pakistan,965.0,9.45,28.2,2.98,True
7613,zcom,nawaiwaqt.com.pk,Abroad,4800.1,47.01,148.1,3.15,True
7764,ptcl,nawaiwaqt.com.pk,Abroad,4807.6,47.083,181.9,3.86,True
60223,nayatel,nawaiwaqt.com.pk,Abroad,4527.6,44.341,153.8,3.47,True
62224,transworld,nawaiwaqt.com.pk,Abroad,4807.5,47.082,150.8,3.2,True
64078,tes,nawaiwaqt.com.pk,Abroad,4800.1,47.01,155.3,3.3,True
64535,orbit,nawaiwaqt.com.pk,Abroad,4746.7,46.487,151.1,3.25,True
64722,tes,nawaiwaqt.com.pk,Abroad,5079.4,49.745,135.1,2.72,True
65892,nayatel,nawaiwaqt.com.pk,Abroad,4800.5,47.013,161.0,3.42,True
1014872,fasttel,nawaiwaqt.com.pk,Abroad,4536.0,44.423,173.4,3.9,True
1015491,zcom,nawaiwaqt.com.pk,Abroad,4796.9,46.978,157.8,3.36,True
1015679,nova,nawaiwaqt.com.pk,Abroad,4809.4,47.1,149.8,3.18,True
1016126,ptcl,nawaiwaqt.com.pk,Abroad,5069.6,49.649,186.8,3.76,True
1016143,cybernet,nawaiwaqt.com.pk,Abroad,5069.8,49.651,133.8,2.69,True
1016154,cybernet,nawaiwaqt.com.pk,Abroad,5069.7,49.65,134.0,2.7,True
1016393,ptcl,nawaiwaqt.com.pk,Abroad,4555.9,44.618,180.2,4.04,True
7613,zcom,networld.pk,Pakistan,1038.2,10.167,17.5,1.72,True
7764,ptcl,networld.pk,Pakistan,1040.2,10.187,128.2,12.58,True
60223,nayatel,networld.pk,Pakistan,1148.9,11.252,23.2,2.06,True
62224,transworld,networld.pk,Pakistan,1040.0,10.185,21.0,2.06,True
64078,tes,networld.pk,Pakistan,1040.8,10.193,21.8,2.14,True
64535,orbit,networld.pk,Pakistan,949.9,9.303,19.4,2.09,True
64722,tes,networld.pk,Pakistan,10.8,0.106,3.7,35.05,False
65892,nayatel,networld.pk,Pakistan,1040.6,10.191,23.5,2.31,True
1014872,fasttel,networld.pk,Pakistan,1140.5,11.17,23.1,2.07,True
1015491,zcom,networld.pk,Pakistan,1043.6,10.221,20.9,2.04,True
1015679,nova,networld.pk,Pakistan,1040.9,10.194,18.8,1.84,True
1016126,ptcl,networld.pk,Pakistan,8.0,0.078,122.8,1570.96,False
1016143,cybernet,networld.pk,Pakistan,7.8,0.076,5.8,75.85,False
1016154,cybernet,networld.pk,Pakistan,7.9,0.077,23.1,298.12,False
1016393,ptcl,networld.pk,Pakistan,972.0,9.519,122.3,12.85,True
7613,zcom,pessi.gop.pk,Abroad,6288.3,61.585,146.2,2.37,True
7764,ptcl,pessi.gop.pk,Abroad,6296.3,61.663,168.6,2.73,True
60223,nayatel,pessi.gop.pk,Abroad,6029.2,59.047,155.1,2.63,True
62224,transworld,pessi.gop.pk,Abroad,6296.2,61.662,154.1,2.5,True
64078,tes,pessi.gop.pk,Abroad,6288.9,61.59,152.9,2.48,True
64535,orbit,pessi.gop.pk,Abroad,6213.6,60.853,149.8,2.46,True
64722,tes,pessi.gop.pk,Abroad,6318.8,61.883,133.2,2.15,True
65892,nayatel,pessi.gop.pk,Abroad,6289.2,61.593,158.3,2.57,True
1014872,fasttel,pessi.gop.pk,Abroad,6036.1,59.115,152.1,2.57,True
1015491,zcom,pessi.gop.pk,Abroad,6286.2,61.564,144.4,2.35,True
1015679,nova,pessi.gop.pk,Abroad,6298.3,61.682,151.4,2.45,True
1016126,ptcl,pessi.gop.pk,Abroad,6308.2,61.78,173.1,2.8,True
1016143,cybernet,pessi.gop.pk,Abroad,6308.5,61.782,143.0,2.31,True
1016154,cybernet,pessi.gop.pk,Abroad,6308.4,61.781,124.9,2.02,True
1016393,ptcl,pessi.gop.pk,Abroad,6015.6,58.913,173.2,2.94,True
7613,zcom,pgf.com.pk,Abroad,12789.3,125.251,275.1,2.2,True
7764,ptcl,pgf.com.pk,Abroad,12794.5,125.303,279.0,2.23,True
60223,nayatel,pgf.com.pk,Abroad,12529.4,122.706,259.2,2.11,True
62224,transworld,pgf.com.pk,Abroad,12794.5,125.303,279.3,2.23,True
64078,tes,pgf.com.pk,Abroad,12788.1,125.24,282.1,2.25,True
64535,orbit,pgf.com.pk,Abroad,12783.7,125.196,278.0,2.22,True
64722,tes,pgf.com.pk,Abroad,13372.6,130.964,241.1,1.84,True
65892,nayatel,pgf.com.pk,Abroad,12788.5,125.244,253.4,2.02,True
1014872,fasttel,pgf.com.pk,Abroad,12539.3,122.803,254.7,2.07,True
1015491,zcom,pgf.com.pk,Abroad,12784.2,125.202,258.8,2.07,True
1015679,nova,pgf.com.pk,Abroad,12795.7,125.314,280.4,2.24,True
1016126,ptcl,pgf.com.pk,Abroad,13363.8,130.877,288.1,2.2,True
1016143,cybernet,pgf.com.pk,Abroad,13364.0,130.88,268.5,2.05,True
1016154,cybernet,pgf.com.pk,Abroad,13363.9,130.879,266.3,2.03,True
1016393,ptcl,pgf.com.pk,Abroad,12629.7,123.689,288.6,2.33,True
7613,zcom,phf.gop.pk,Abroad,13049.5,127.8,235.3,1.84,True
7764,ptcl,phf.gop.pk,Abroad,13056.4,127.867,241.8,1.89,True
60223,nayatel,phf.gop.pk,Abroad,12775.2,125.114,233.6,1.87,True
62224,transworld,phf.gop.pk,Abroad,13056.3,127.866,250.4,1.96,True
64078,tes,phf.gop.pk,Abroad,13049.1,127.796,241.4,1.89,True
64535,orbit,phf.gop.pk,Abroad,13009.2,127.405,232.6,1.83,True
64722,tes,phf.gop.pk,Abroad,13342.5,130.669,219.5,1.68,True
65892,nayatel,phf.gop.pk,Abroad,13049.5,127.799,253.3,1.98,True
1014872,fasttel,phf.gop.pk,Abroad,12784.3,125.202,226.7,1.81,True
1015491,zcom,phf.gop.pk,Abroad,13045.6,127.761,248.1,1.94,True
1015679,nova,phf.gop.pk,Abroad,13058.0,127.883,230.8,1.8,True
1016126,ptcl,phf.gop.pk,Abroad,13332.3,130.569,234.3,1.79,True
1016143,cybernet,phf.gop.pk,Abroad,13332.5,130.571,217.0,1.66,True
1016154,cybernet,phf.gop.pk,Abroad,13332.4,130.57,206.3,1.58,True
1016393,ptcl,phf.gop.pk,Abroad,12824.9,125.601,225.2,1.79,True
7613,zcom,psca.gop.pk,Pakistan,3.3,0.032,0.8,25.02,False
7764,ptcl,psca.gop.pk,Pakistan,8.6,0.084,6.7,79.95,False
60223,nayatel,psca.gop.pk,Pakistan,272.9,2.673,37.1,13.88,True
62224,transworld,psca.gop.pk,Pakistan,8.4,0.083,4.4,53.18,False
64078,tes,psca.gop.pk,Pakistan,1.2,0.012,38.3,3252.88,False
64535,orbit,psca.gop.pk,Pakistan,118.5,1.16,35.1,30.25,True
64722,tes,psca.gop.pk,Pakistan,1033.7,10.124,18.5,1.83,True
65892,nayatel,psca.gop.pk,Pakistan,1.5,0.015,38.2,2519.4,False
1014872,fasttel,psca.gop.pk,Pakistan,264.1,2.586,38.5,14.89,True
1015491,zcom,psca.gop.pk,Pakistan,2.8,0.028,3.5,125.67,False
1015679,nova,psca.gop.pk,Pakistan,10.4,0.102,1.8,17.61,False
1016126,ptcl,psca.gop.pk,Pakistan,1034.0,10.127,41.1,4.06,True
1016143,cybernet,psca.gop.pk,Pakistan,1034.1,10.128,19.7,1.95,True
1016154,cybernet,psca.gop.pk,Pakistan,1034.1,10.127,20.2,1.99,True
1016393,ptcl,psca.gop.pk,Pakistan,290.2,2.842,15.4,5.42,True
7613,zcom,ptea.org.pk,Abroad,6288.3,61.585,140.5,2.28,True
7764,ptcl,ptea.org.pk,Abroad,6296.3,61.663,132.3,2.15,True
60223,nayatel,ptea.org.pk,Abroad,6029.2,59.047,131.4,2.23,True
62224,transworld,ptea.org.pk,Abroad,6296.2,61.662,153.8,2.49,True
64078,tes,ptea.org.pk,Abroad,6288.9,61.59,146.4,2.38,True
64535,orbit,ptea.org.pk,Abroad,6213.6,60.853,145.9,2.4,True
64722,tes,ptea.org.pk,Abroad,6318.8,61.883,127.7,2.06,True
65892,nayatel,ptea.org.pk,Abroad,6289.2,61.593,131.5,2.13,True
1014872,fasttel,ptea.org.pk,Abroad,6036.1,59.115,132.4,2.24,True
1015491,zcom,ptea.org.pk,Abroad,6286.2,61.564,143.5,2.33,True
1015679,nova,ptea.org.pk,Abroad,6298.3,61.682,141.7,2.3,True
1016126,ptcl,ptea.org.pk,Abroad,6308.2,61.78,135.6,2.19,True
1016143,cybernet,ptea.org.pk,Abroad,6308.5,61.782,116.0,1.88,True
1016154,cybernet,ptea.org.pk,Abroad,6308.4,61.781,115.5,1.87,True
1016393,ptcl,ptea.org.pk,Abroad,6015.6,58.913,137.6,2.34,True
7613,zcom,publicnews.com,Abroad,4800.1,47.01,155.4,3.31,True
7764,ptcl,publicnews.com,Abroad,4807.6,47.083,173.5,3.69,True
60223,nayatel,publicnews.com,Abroad,4527.6,44.341,154.7,3.49,True
62224,transworld,publicnews.com,Abroad,4807.5,47.082,154.3,3.28,True
64078,tes,publicnews.com,Abroad,4800.1,47.01,154.9,3.3,True
64535,orbit,publicnews.com,Abroad,4746.7,46.487,150.0,3.23,True
64722,tes,publicnews.com,Abroad,5079.4,49.745,135.0,2.71,True
65892,nayatel,publicnews.com,Abroad,4800.5,47.013,154.6,3.29,True
1014872,fasttel,publicnews.com,Abroad,4536.0,44.423,173.9,3.91,True
1015491,zcom,publicnews.com,Abroad,4796.9,46.978,154.4,3.29,True
1015679,nova,publicnews.com,Abroad,4809.4,47.1,149.4,3.17,True
1016126,ptcl,publicnews.com,Abroad,5069.6,49.649,177.3,3.57,True
1016143,cybernet,publicnews.com,Abroad,5069.8,49.651,133.4,2.69,True
1016154,cybernet,publicnews.com,Abroad,5069.7,49.65,132.9,2.68,True
1016393,ptcl,publicnews.com,Abroad,4555.9,44.618,177.4,3.98,True
7613,zcom,serenepharma.com.pk,Abroad,4800.1,47.01,149.1,3.17,True
7764,ptcl,serenepharma.com.pk,Abroad,4807.6,47.083,188.9,4.01,True
60223,nayatel,serenepharma.com.pk,Abroad,4527.6,44.341,156.3,3.52,True
62224,transworld,serenepharma.com.pk,Abroad,4807.5,47.082,156.7,3.33,True
64078,tes,serenepharma.com.pk,Abroad,4800.1,47.01,155.4,3.31,True
64535,orbit,serenepharma.com.pk,Abroad,4746.7,46.487,151.9,3.27,True
64722,tes,serenepharma.com.pk,Abroad,5079.4,49.745,134.2,2.7,True
65892,nayatel,serenepharma.com.pk,Abroad,4800.5,47.013,156.1,3.32,True
1014872,fasttel,serenepharma.com.pk,Abroad,4536.0,44.423,173.5,3.91,True
1015491,zcom,serenepharma.com.pk,Abroad,4796.9,46.978,153.4,3.27,True
1015679,nova,serenepharma.com.pk,Abroad,4809.4,47.1,149.3,3.17,True
1016126,ptcl,serenepharma.com.pk,Abroad,5069.6,49.649,187.6,3.78,True
1016143,cybernet,serenepharma.com.pk,Abroad,5069.8,49.651,135.0,2.72,True
1016154,cybernet,serenepharma.com.pk,Abroad,5069.7,49.65,142.7,2.87,True
1016393,ptcl,serenepharma.com.pk,Abroad,4555.9,44.618,179.1,4.01,True
7613,zcom,sparkbroadband.pk,Pakistan,1030.4,10.092,17.1,1.69,True
7764,ptcl,sparkbroadband.pk,Pakistan,1032.4,10.111,23.4,2.31,True
60223,nayatel,sparkbroadband.pk,Pakistan,1141.7,11.181,23.1,2.07,True
62224,transworld,sparkbroadband.pk,Pakistan,1032.3,10.11,20.9,2.07,True
64078,tes,sparkbroadband.pk,Pakistan,1033.0,10.117,22.4,2.21,True
64535,orbit,sparkbroadband.pk,Pakistan,942.3,9.229,20.0,2.17,True
64722,tes,sparkbroadband.pk,Pakistan,6.2,0.06,3.6,59.76,False
65892,nayatel,sparkbroadband.pk,Pakistan,1032.8,10.115,23.7,2.34,True
1014872,fasttel,sparkbroadband.pk,Pakistan,1133.3,11.099,22.9,2.06,True
1015491,zcom,sparkbroadband.pk,Pakistan,1035.9,10.145,20.1,1.98,True
1015679,nova,sparkbroadband.pk,Pakistan,1033.2,10.118,18.2,1.8,True
1016126,ptcl,sparkbroadband.pk,Pakistan,4.5,0.044,27.1,618.19,False
1016143,cybernet,sparkbroadband.pk,Pakistan,4.3,0.042,5.6,134.15,False
1016154,cybernet,sparkbroadband.pk,Pakistan,4.3,0.042,23.5,554.36,False
1016393,ptcl,sparkbroadband.pk,Pakistan,965.0,9.45,28.1,2.97,True
7613,zcom,tevta.gop.pk,Pakistan,8.3,0.081,1.3,16.01,False
7764,ptcl,tevta.gop.pk,Pakistan,14.8,0.145,7.1,48.89,False
60223,nayatel,tevta.gop.pk,Pakistan,266.6,2.611,7.8,2.99,True
62224,transworld,tevta.gop.pk,Pakistan,14.7,0.144,3.7,25.65,False
64078,tes,tevta.gop.pk,Pakistan,7.5,0.073,38.5,525.9,False
64535,orbit,tevta.gop.pk,Pakistan,116.4,1.14,34.5,30.25,True
64722,tes,tevta.gop.pk,Pakistan,1035.6,10.142,18.9,1.86,True
65892,nayatel,tevta.gop.pk,Pakistan,7.8,0.077,8.5,111.02,False
1014872,fasttel,tevta.gop.pk,Pakistan,257.7,2.524,38.9,15.41,True
1015491,zcom,tevta.gop.pk,Pakistan,4.3,0.042,9.2,220.78,False
1015679,nova,tevta.gop.pk,Pakistan,16.6,0.163,2.1,12.9,False
1016126,ptcl,tevta.gop.pk,Pakistan,1035.9,10.145,41.5,4.09,True
1016143,cybernet,tevta.gop.pk,Pakistan,1036.0,10.146,20.4,2.01,True
1016154,cybernet,tevta.gop.pk,Pakistan,1035.9,10.145,20.4,2.01,True
1016393,ptcl,tevta.gop.pk,Pakistan,285.3,2.794,15.8,5.65,True
7613,zcom,topcity-1.com,Pakistan,274.5,2.688,36.2,13.47,True
7764,ptcl,topcity-1.com,Pakistan,281.4,2.756,26.6,9.65,True
60223,nayatel,topcity-1.com,Pakistan,5.8,0.057,2.8,49.41,False
62224,transworld,topcity-1.com,Pakistan,281.3,2.755,40.1,14.55,True
64078,tes,topcity-1.com,Pakistan,274.1,2.685,3.8,1.42,True
64535,orbit,topcity-1.com,Pakistan,258.5,2.532,41.1,16.24,True
64722,tes,topcity-1.com,Pakistan,1148.2,11.245,23.1,2.05,True
65892,nayatel,topcity-1.com,Pakistan,274.5,2.688,3.5,1.3,True
1014872,fasttel,topcity-1.com,Pakistan,13.7,0.134,4.8,35.84,False
1015491,zcom,topcity-1.com,Pakistan,270.6,2.65,40.0,15.09,True
1015679,nova,topcity-1.com,Pakistan,283.1,2.772,37.3,13.45,True
1016126,ptcl,topcity-1.com,Pakistan,1146.1,11.224,44.5,3.96,True
1016143,cybernet,topcity-1.com,Pakistan,1146.2,11.225,25.1,2.24,True
1016154,cybernet,topcity-1.com,Pakistan,1146.1,11.224,23.8,2.12,True
1016393,ptcl,topcity-1.com,Pakistan,190.5,1.866,18.3,9.81,True
7613,zcom,toptop.net,Abroad,4563.1,44.689,191.5,4.29,True
7764,ptcl,toptop.net,Abroad,4555.0,44.61,111.0,2.49,True
60223,nayatel,toptop.net,Abroad,4819.3,47.197,196.8,4.17,True
62224,transworld,toptop.net,Abroad,4555.2,44.611,200.5,4.49,True
64078,tes,toptop.net,Abroad,4562.4,44.682,197.2,4.41,True
64535,orbit,toptop.net,Abroad,4642.8,45.47,194.7,4.28,True
64722,tes,toptop.net,Abroad,4727.0,46.294,178.6,3.86,True
65892,nayatel,toptop.net,Abroad,4562.1,44.679,201.2,4.5,True
1014872,fasttel,toptop.net,Abroad,4812.5,47.131,112.7,2.39,True
1015491,zcom,toptop.net,Abroad,4565.0,44.707,198.3,4.44,True
1015679,nova,toptop.net,Abroad,4553.0,44.59,190.6,4.27,True
1016126,ptcl,toptop.net,Abroad,4737.4,46.395,99.1,2.14,True
1016143,cybernet,toptop.net,Abroad,4737.2,46.394,157.2,3.39,True
1016154,cybernet,toptop.net,Abroad,4737.3,46.394,158.9,3.43,True
1016393,ptcl,toptop.net,Abroad,4841.0,47.41,101.5,2.14,True
7613,zcom,uvas.edu.pk,Abroad,4610.2,45.15,91.2,2.02,True
7764,ptcl,uvas.edu.pk,Abroad,4618.1,45.227,118.0,2.61,True
60223,nayatel,uvas.edu.pk,Abroad,4344.7,42.55,105.1,2.47,True
62224,transworld,uvas.edu.pk,Abroad,4617.9,45.226,95.6,2.11,True
64078,tes,uvas.edu.pk,Abroad,4610.6,45.154,98.1,2.17,True
64535,orbit,uvas.edu.pk,Abroad,4543.4,44.495,93.6,2.1,True
64722,tes,uvas.edu.pk,Abroad,4761.8,46.635,78.4,1.68,True
65892,nayatel,uvas.edu.pk,Abroad,4610.9,45.157,100.7,2.23,True
1014872,fasttel,uvas.edu.pk,Abroad,4352.2,42.623,100.5,2.36,True
1015491,zcom,uvas.edu.pk,Abroad,4607.7,45.125,98.9,2.19,True
1015679,nova,uvas.edu.pk,Abroad,4620.0,45.246,96.4,2.13,True
1016126,ptcl,uvas.edu.pk,Abroad,4751.6,46.534,122.2,2.63,True
1016143,cybernet,uvas.edu.pk,Abroad,4751.8,46.537,194.1,4.17,True
1016154,cybernet,uvas.edu.pk,Abroad,4751.7,46.536,195.0,4.19,True
1016393,ptcl,uvas.edu.pk,Abroad,4347.0,42.572,111.6,2.62,True
7613,zcom,worldlinkisp.pk,Pakistan,8.3,0.081,3.8,46.79,False
7764,ptcl,worldlinkisp.pk,Pakistan,14.8,0.145,8.5,58.53,False
60223,nayatel,worldlinkisp.pk,Pakistan,266.6,2.611,10.1,3.87,True
62224,transworld,worldlinkisp.pk,Pakistan,14.7,0.144,5.9,40.9,False
64078,tes,worldlinkisp.pk,Pakistan,7.5,0.073,8.9,121.57,False
64535,orbit,worldlinkisp.pk,Pakistan,116.4,1.14,35.8,31.39,True
64722,tes,worldlinkisp.pk,Pakistan,1035.6,10.142,20.2,1.99,True
65892,nayatel,worldlinkisp.pk,Pakistan,7.8,0.077,8.9,116.24,False
1014872,fasttel,worldlinkisp.pk,Pakistan,257.7,2.524,40.4,16.0,True
1015491,zcom,worldlinkisp.pk,Pakistan,4.3,0.042,4.8,115.19,False
1015679,nova,worldlinkisp.pk,Pakistan,16.6,0.163,5.3,32.55,False
1016126,ptcl,worldlinkisp.pk,Pakistan,1035.9,10.145,44.3,4.37,True
1016143,cybernet,worldlinkisp.pk,Pakistan,1036.0,10.146,23.4,2.31,True
1016154,cybernet,worldlinkisp.pk,Pakistan,1035.9,10.145,21.4,2.11,True
1016393,ptcl,worldlinkisp.pk,Pakistan,285.3,2.794,22.3,7.98,True
7613,zcom,youth.cn,Abroad,4563.1,44.689,91.2,2.04,True
7764,ptcl,youth.cn,Abroad,4555.0,44.61,97.3,2.18,True
60223,nayatel,youth.cn,Abroad,4819.3,47.197,97.3,2.06,True
62224,transworld,youth.cn,Abroad,4555.2,44.611,96.5,2.16,True
64078,tes,youth.cn,Abroad,4562.4,44.682,97.9,2.19,True
64535,orbit,youth.cn,Abroad,4642.8,45.47,94.2,2.07,True
64722,tes,youth.cn,Abroad,4727.0,46.294,78.2,1.69,True
65892,nayatel,youth.cn,Abroad,4562.1,44.679,97.1,2.17,True
1014872,fasttel,youth.cn,Abroad,4812.5,47.131,96.5,2.05,True
1015491,zcom,youth.cn,Abroad,4565.0,44.707,96.2,2.15,True
1015679,nova,youth.cn,Abroad,4553.0,44.59,96.5,2.16,True
1016126,ptcl,youth.cn,Abroad,4737.4,46.395,107.9,2.33,True
1016143,cybernet,youth.cn,Abroad,4737.2,46.394,80.5,1.74,True
1016154,cybernet,youth.cn,Abroad,4737.3,46.394,76.8,1.66,True
1016393,ptcl,youth.cn,Abroad,4841.0,47.41,98.7,2.08,True
7613,zcom,zcomnetworks.com.pk,Pakistan,8.3,0.081,0.2,2.46,False
7764,ptcl,zcomnetworks.com.pk,Pakistan,14.8,0.145,6.0,41.31,False
60223,nayatel,zcomnetworks.com.pk,Pakistan,266.6,2.611,37.5,14.36,True
62224,transworld,zcomnetworks.com.pk,Pakistan,14.7,0.144,4.2,29.12,False
64078,tes,zcomnetworks.com.pk,Pakistan,7.5,0.073,38.1,520.44,False
64535,orbit,zcomnetworks.com.pk,Pakistan,116.4,1.14,35.4,31.04,True
64722,tes,zcomnetworks.com.pk,Pakistan,1035.6,10.142,18.5,1.82,True
65892,nayatel,zcomnetworks.com.pk,Pakistan,7.8,0.077,38.3,500.23,False
1014872,fasttel,zcomnetworks.com.pk,Pakistan,257.7,2.524,38.9,15.41,True
1015491,zcom,zcomnetworks.com.pk,Pakistan,4.3,0.042,4.5,107.99,False
1015679,nova,zcomnetworks.com.pk,Pakistan,16.6,0.163,2.1,12.9,False
1016126,ptcl,zcomnetworks.com.pk,Pakistan,1035.9,10.145,41.3,4.07,True
1016143,cybernet,zcomnetworks.com.pk,Pakistan,1036.0,10.146,95.8,9.44,True
1016154,cybernet,zcomnetworks.com.pk,Pakistan,1035.9,10.145,94.4,9.3,True
1016393,ptcl,zcomnetworks.com.pk,Pakistan,285.3,2.794,14.1,5.05,True
