origin,base_ptcl,base_twa,fault_ptcl,fault_twa,verdict,max_shift,material
4615,0.0,0.0,0.0,0.0,neither,0.0,False
4661,1.0,0.0,1.0,0.0,held,0.0,False
7590,0.714,0.286,0.705,0.295,held,0.009,False
7605,0.0,0.0,0.0,0.0,neither,0.0,False
9260,0.052,0.948,0.054,0.946,held,0.001,False
9387,0.207,0.793,0.204,0.796,held,0.003,False
9541,0.116,0.0,0.119,0.0,held,0.002,False
9557,1.0,0.0,1.0,0.0,held,0.0,False
9937,1.0,0.0,1.0,0.0,held,0.0,False
9940,0.0,0.0,0.0,0.0,neither,0.0,False
10112,0.0,0.0,0.0,0.0,neither,0.0,False
17539,0.546,0.455,0.55,0.45,held,0.004,False
17557,1.0,0.0,1.0,0.0,held,0.0,False
17563,0.174,0.826,0.175,0.825,held,0.001,False
17787,0.438,0.562,0.438,0.562,held,0.0,False
17911,0.587,0.413,0.56,0.44,held,0.026,False
18053,0.0,1.0,0.0,1.0,held,0.0,False
18173,0.0,1.0,0.0,1.0,held,0.0,False
18212,0.0,1.0,0.0,1.0,held,0.0,False
18359,0.0,1.0,0.069,0.372,held,0.628,True
23607,0.0,0.0,0.0,0.0,neither,0.0,False
23674,0.724,0.276,0.731,0.269,held,0.006,False
23750,0.0,1.0,0.0,1.0,held,0.0,False
23888,0.718,0.282,0.692,0.308,held,0.026,False
23966,0.006,0.994,0.006,0.995,held,0.0,False
24051,0.0,0.0,0.0,0.0,neither,0.0,False
24105,0.0,1.0,0.0,1.0,held,0.0,False
24435,0.574,0.426,0.581,0.419,held,0.007,False
24440,0.055,0.0,0.077,0.0,neither,0.023,False
24499,0.95,0.0,0.95,0.0,held,0.0,False
37973,0.0,1.0,0.0,1.0,held,0.0,False
38193,0.0,1.0,0.0,1.0,held,0.0,False
38196,0.0,0.0,0.0,0.0,neither,0.0,False
38264,0.163,0.837,0.162,0.838,held,0.001,False
38488,0.148,0.866,0.152,0.862,held,0.004,False
38547,0.308,0.692,0.308,0.692,held,0.0,False
38584,0.889,0.111,0.875,0.125,held,0.015,False
38616,0.0,0.0,0.0,0.0,neither,0.0,False
38710,0.35,0.65,0.346,0.654,held,0.003,False
38713,0.0,1.0,0.0,1.0,held,0.0,False
38808,0.0,0.0,0.0,0.0,neither,0.0,False
45127,0.0,0.0,0.0,0.0,neither,0.0,False
45195,0.235,0.79,0.275,0.752,held,0.04,False
45246,0.0,0.0,0.0,0.0,neither,0.0,False
45252,0.0,0.0,0.0,0.0,neither,0.0,False
45446,0.135,0.536,0.158,0.51,held,0.026,False
45595,1.0,0.0,1.0,0.0,held,0.0,False
45605,0.0,0.0,0.0,0.0,neither,0.0,False
45669,0.145,0.82,0.146,0.817,held,0.003,False
45748,0.5,0.5,0.5,0.5,switched,0.0,False
45773,0.669,0.331,0.676,0.324,held,0.007,False
45779,0.0,1.0,0.0,1.0,held,0.0,False
45814,0.0,1.0,0.0,1.0,held,0.0,False
45843,0.0,0.0,0.0,0.0,neither,0.0,False
45939,0.0,0.0,0.0,0.0,neither,0.0,False
55340,0.203,0.797,0.197,0.803,held,0.006,False
55356,0.0,1.0,0.0,1.0,held,0.0,False
55399,0.0,0.0,0.0,0.0,neither,0.0,False
55414,1.0,0.0,1.0,0.0,held,0.0,False
55453,0.0,1.0,0.0,1.0,held,0.0,False
55483,0.0,0.0,0.0,0.0,neither,0.0,False
55501,0.282,0.718,0.281,0.719,held,0.001,False
55534,1.0,0.038,0.874,0.231,held,0.192,False
55541,0.724,0.282,0.695,0.322,held,0.04,False
55714,0.0,1.0,0.0,1.0,held,0.0,False
55816,0.749,0.251,0.75,0.25,held,0.001,False
56052,0.0,0.0,0.0,0.0,neither,0.0,False
56126,0.4,0.2,0.41,0.191,held,0.01,False
56167,1.0,0.0,1.0,0.0,held,0.0,False
56192,0.198,0.92,0.14,0.909,held,0.058,False
58468,0.0,0.0,0.0,0.0,neither,0.0,False
58470,0.0,0.9,0.0,0.9,held,0.0,False
58506,0.084,0.941,0.071,0.973,held,0.032,False
58512,0.0,0.0,0.0,0.0,neither,0.0,False
58515,0.967,0.078,0.823,0.205,held,0.144,False
58602,1.0,1.0,1.0,1.0,held,0.0,False
58609,0.0,0.0,0.0,0.0,neither,0.0,False
58614,0.0,0.0,0.0,0.0,neither,0.0,False
58617,0.345,0.113,0.339,0.143,held,0.03,False
58626,0.0,0.0,0.0,0.0,neither,0.0,False
58746,0.0,0.0,0.0,0.0,neither,0.0,False
58876,0.0,1.0,0.0,1.0,held,0.0,False
58893,0.678,0.323,0.668,0.344,held,0.02,False
58895,0.691,0.309,0.691,0.309,held,0.0,False
58974,0.788,0.22,0.751,0.262,held,0.042,False
58987,0.0,0.0,0.0,0.0,neither,0.0,False
59254,0.0,1.0,0.0,1.0,held,0.0,False
59257,0.61,0.26,0.599,0.26,held,0.011,False
59323,0.5,0.5,0.5,0.5,held,0.0,False
63954,0.749,0.189,0.718,0.248,held,0.059,False
64093,1.0,0.0,1.0,0.0,held,0.0,False
131220,0.0,1.0,0.0,1.0,held,0.0,False
131275,0.119,0.822,0.114,0.827,held,0.006,False
131471,0.256,0.744,0.257,0.743,held,0.001,False
132103,0.0,1.0,0.0,0.995,held,0.005,False
132142,0.0,0.0,0.0,0.0,neither,0.0,False
132165,0.697,0.303,0.752,0.248,held,0.056,False
132285,0.0,0.0,0.0,0.0,neither,0.0,False
132386,0.0,1.0,0.0,1.0,held,0.0,False
132480,0.0,0.0,0.0,0.0,neither,0.0,False
132683,0.0,0.0,0.0,0.0,neither,0.0,False
132741,0.0,1.0,0.0,1.0,held,0.0,False
132788,0.275,0.981,0.322,0.779,held,0.202,True
132872,0.0,0.0,0.0,0.0,neither,0.0,False
132891,0.0,1.0,0.0,1.0,held,0.0,False
133141,0.0,0.0,0.0,0.0,neither,0.0,False
133369,0.0,0.0,0.0,0.0,neither,0.0,False
133495,0.278,0.722,0.278,0.722,held,0.0,False
133502,0.0,1.0,0.0,1.0,held,0.0,False
133551,0.0,1.0,0.0,1.0,held,0.0,False
133628,0.0,0.0,0.0,0.0,neither,0.0,False
133932,0.983,0.101,0.957,0.104,held,0.026,False
133933,0.0,1.0,0.0,1.0,held,0.0,False
134222,0.0,0.0,0.0,0.0,neither,0.0,False
134231,0.99,0.733,0.267,0.782,switched,0.722,True
134357,0.0,1.0,0.0,1.0,held,0.0,False
134447,0.0,0.0,0.0,0.0,neither,0.0,False
134489,0.523,0.477,0.532,0.468,held,0.009,False
134596,0.0,0.0,0.0,0.0,neither,0.0,False
134663,0.5,0.5,0.5,0.5,held,0.0,False
134737,0.0,1.0,0.0,1.0,held,0.0,False
134782,0.0,0.0,0.0,0.0,neither,0.0,False
135003,0.125,0.875,0.125,0.875,held,0.0,False
135046,0.0,1.0,0.0,1.0,held,0.0,False
135115,0.5,0.5,0.5,0.5,held,0.0,False
135123,0.0,0.736,0.0,0.742,held,0.005,False
135316,0.0,0.0,0.0,0.0,neither,0.0,False
135342,0.0,0.0,0.0,0.0,neither,0.0,False
135384,1.0,0.0,1.0,0.0,held,0.0,False
135407,0.0,1.0,0.0,1.0,held,0.0,False
135523,0.0,1.0,0.0,1.0,held,0.0,False
135567,1.0,0.0,1.0,0.0,held,0.0,False
135576,0.0,0.0,0.0,0.0,neither,0.0,False
135598,0.0,0.0,0.0,0.0,neither,0.0,False
135660,0.334,0.666,0.333,0.667,held,0.001,False
135661,0.0,1.0,0.0,0.995,held,0.005,False
135891,0.0,0.0,0.0,0.0,neither,0.0,False
136012,1.0,0.0,1.0,0.0,held,0.0,False
136030,0.0,1.0,0.0,1.0,held,0.0,False
136046,0.0,0.0,0.0,0.0,neither,0.0,False
136142,1.0,0.0,1.0,0.0,held,0.0,False
136174,0.125,0.875,0.125,0.875,held,0.0,False
136184,0.057,0.944,0.06,0.942,held,0.003,False
136225,0.0,1.0,0.0,1.0,held,0.0,False
136259,0.0,1.0,0.0,1.0,held,0.0,False
136263,0.0,0.0,0.0,0.0,neither,0.0,False
136274,0.0,0.0,0.0,0.0,neither,0.0,False
136384,0.0,1.0,0.0,1.0,held,0.0,False
136427,0.0,0.0,0.0,0.0,neither,0.0,False
136525,0.98,0.02,0.99,0.01,held,0.01,False
136528,0.0,0.0,0.0,0.0,neither,0.0,False
136602,0.667,0.333,0.667,0.333,held,0.0,False
136610,0.75,0.25,0.75,0.25,held,0.0,False
136730,0.0,0.0,0.0,0.0,neither,0.0,False
136790,0.0,0.0,0.0,0.0,neither,0.0,False
136818,0.0,0.0,0.0,0.0,neither,0.0,False
136969,0.0,1.0,0.0,1.0,held,0.0,False
136974,0.0,1.0,0.0,1.0,held,0.0,False
136981,0.0,0.0,0.0,0.0,neither,0.0,False
137014,0.0,1.0,0.0,1.0,held,0.0,False
137031,0.0,0.0,0.0,0.0,neither,0.0,False
137047,0.796,0.214,0.767,0.246,held,0.031,False
137224,0.0,0.0,0.0,0.0,neither,0.0,False
137233,0.0,0.0,0.0,0.0,neither,0.0,False
137237,0.0,0.0,0.0,0.0,neither,0.0,False
137258,0.0,0.0,0.0,0.0,neither,0.0,False
137265,0.992,0.024,0.968,0.045,held,0.024,False
137273,0.0,0.0,0.0,0.0,neither,0.0,False
137430,0.0,1.0,0.0,1.0,held,0.0,False
137461,0.967,0.217,0.806,0.209,held,0.162,False
137481,0.0,0.0,0.0,0.0,neither,0.0,False
137513,0.346,0.372,0.336,0.401,held,0.029,False
137517,0.0,0.0,0.0,0.0,neither,0.0,False
137561,1.0,0.0,1.0,0.0,held,0.0,False
137573,0.0,0.0,0.0,0.0,neither,0.0,False
137910,0.749,0.251,0.75,0.25,held,0.001,False
138019,0.714,0.99,0.971,0.986,held,0.257,True
138039,0.534,0.466,0.501,0.499,held,0.034,False
138172,1.0,0.0,1.0,0.0,held,0.0,False
138241,0.0,1.0,0.0,0.994,held,0.006,False
138324,0.0,1.0,0.0,1.0,held,0.0,False
138329,0.0,0.0,0.0,0.0,neither,0.0,False
138349,0.0,0.0,0.0,0.0,neither,0.0,False
138368,0.0,1.0,0.0,1.0,held,0.0,False
138423,0.513,0.485,0.517,0.482,held,0.005,False
138424,0.0,1.0,0.0,1.0,held,0.0,False
138426,0.0,1.0,0.0,1.0,held,0.0,False
138432,1.0,0.0,1.0,0.0,held,0.0,False
138444,0.0,1.0,0.0,1.0,held,0.0,False
138453,0.0,1.0,0.0,1.0,held,0.0,False
138467,0.0,0.0,0.0,0.0,neither,0.0,False
138590,0.436,0.564,0.432,0.568,held,0.004,False
138625,0.381,0.619,0.4,0.6,held,0.019,False
138655,0.0,1.0,0.0,1.0,held,0.0,False
138677,0.0,0.0,0.0,0.0,neither,0.0,False
138905,0.0,0.0,0.0,0.0,neither,0.0,False
138910,0.0,1.0,0.0,1.0,held,0.0,False
138914,0.0,0.0,0.0,0.0,neither,0.0,False
138926,0.13,0.87,0.644,0.356,switched,0.514,True
138955,0.0,1.0,0.0,1.0,held,0.0,False
138971,0.0,0.0,0.0,0.0,neither,0.0,False
138985,0.083,0.917,0.083,0.917,held,0.0,False
139024,0.0,1.0,0.0,1.0,held,0.0,False
139067,0.102,0.0,0.098,0.0,held,0.005,False
139087,0.0,1.0,0.0,1.0,held,0.0,False
139088,0.0,0.0,0.0,0.0,neither,0.0,False
139218,0.0,0.0,0.0,0.0,neither,0.0,False
139219,0.0,0.0,0.0,0.0,neither,0.0,False
139260,0.0,0.0,0.0,0.0,neither,0.0,False
139292,0.0,1.0,0.0,1.0,held,0.0,False
139302,0.0,1.0,0.0,1.0,held,0.0,False
139351,1.0,0.0,1.0,0.0,held,0.0,False
139577,0.0,1.0,0.0,1.0,held,0.0,False
139598,0.0,0.0,0.0,0.0,neither,0.0,False
139621,0.0,0.0,0.0,0.0,neither,0.0,False
139718,0.0,1.0,0.0,1.0,held,0.0,False
139820,0.885,0.115,0.885,0.115,held,0.0,False
139824,0.0,0.0,0.0,0.0,neither,0.0,False
139879,0.038,0.962,0.038,0.962,held,0.0,False
139925,0.0,1.0,0.0,1.0,held,0.0,False
140039,0.92,0.375,0.75,0.25,held,0.17,False
140045,1.0,0.0,1.0,0.0,held,0.0,False
140100,1.0,0.0,1.0,0.0,held,0.0,False
140208,0.0,0.0,0.0,0.0,neither,0.0,False
140210,0.4,0.6,0.4,0.6,held,0.0,False
140307,0.0,0.0,0.0,0.0,neither,0.0,False
140499,0.9,0.1,0.9,0.1,held,0.0,False
140526,1.0,0.0,1.0,0.0,held,0.0,False
140571,0.0,0.0,0.0,0.0,neither,0.0,False
140579,0.0,0.0,0.0,0.0,neither,0.0,False
140594,0.2,0.963,0.0,1.0,held,0.2,False
140607,0.589,0.411,0.625,0.375,held,0.036,False
140608,1.0,0.0,1.0,0.0,held,0.0,False
140658,0.0,0.0,0.0,0.0,neither,0.0,False
140667,0.0,0.0,0.0,0.0,neither,0.0,False
140692,0.0,0.0,0.0,0.0,neither,0.0,False
140697,0.0,0.0,0.0,0.0,neither,0.0,False
140721,0.0,0.0,0.0,0.0,neither,0.0,False
140732,0.0,0.0,0.0,0.0,neither,0.0,False
140900,1.0,0.0,1.0,0.0,held,0.0,False
140941,0.0,0.0,0.0,0.0,neither,0.0,False
140998,0.0,0.0,0.0,0.0,neither,0.0,False
141008,0.0,0.0,0.0,0.0,neither,0.0,False
141020,1.0,0.0,1.0,0.0,held,0.0,False
141023,1.0,0.0,1.0,0.0,held,0.0,False
141031,1.0,0.0,1.0,0.0,held,0.0,False
141164,0.0,0.0,0.0,0.0,neither,0.0,False
141212,0.799,0.211,0.8,0.2,held,0.011,False
141215,0.0,1.0,0.0,1.0,held,0.0,False
141234,0.0,1.0,0.0,1.0,held,0.0,False
141342,0.18,0.82,0.181,0.819,held,0.001,False
141343,0.0,1.0,0.0,1.0,held,0.0,False
141347,0.0,1.0,0.0,0.996,held,0.004,False
141361,1.0,0.0,1.0,0.0,held,0.0,False
141369,0.5,0.5,0.5,0.5,held,0.0,False
141372,0.559,0.441,0.57,0.43,held,0.01,False
141373,0.0,0.0,0.0,0.0,neither,0.0,False
141377,1.0,0.0,1.0,0.0,held,0.0,False
141380,0.333,0.667,0.333,0.667,held,0.0,False
141395,0.0,1.0,0.0,1.0,held,0.0,False
141421,0.6,0.4,0.6,0.4,held,0.0,False
141431,0.0,1.0,0.0,1.0,held,0.0,False
141432,0.0,1.0,0.0,0.995,held,0.005,False
141450,0.675,0.336,0.686,0.319,held,0.017,False
141705,0.0,0.0,0.0,0.0,neither,0.0,False
141711,1.0,0.0,1.0,0.0,held,0.0,False
141717,0.0,0.0,0.0,0.0,neither,0.0,False
141725,0.0,1.0,0.0,1.0,held,0.0,False
141778,0.0,1.0,0.0,1.0,held,0.0,False
141990,1.0,0.0,1.0,0.0,held,0.0,False
142000,0.0,0.0,0.0,0.0,neither,0.0,False
142063,1.0,0.0,1.0,0.0,held,0.0,False
142120,0.0,1.0,0.0,1.0,held,0.0,False
142127,0.0,1.0,0.0,1.0,held,0.0,False
142150,0.0,0.0,0.0,0.0,neither,0.0,False
142175,0.0,0.0,0.0,0.0,neither,0.0,False
142179,0.5,0.0,0.5,0.0,held,0.0,False
142234,0.0,0.0,0.0,0.0,neither,0.0,False
142247,0.0,0.096,0.0,0.16,neither,0.065,False
142268,0.0,0.0,0.0,0.0,neither,0.0,False
142274,1.0,0.0,1.0,0.0,held,0.0,False
142291,0.0,0.0,0.0,0.0,neither,0.0,False
142295,1.0,0.0,1.0,0.0,held,0.0,False
142300,0.0,0.0,0.0,0.0,neither,0.0,False
142302,0.0,0.0,0.0,0.0,neither,0.0,False
142405,0.0,0.0,0.0,0.0,neither,0.0,False
142421,0.0,1.0,0.0,1.0,held,0.0,False
142552,0.0,1.0,0.0,1.0,held,0.0,False
142559,0.0,1.0,0.0,1.0,held,0.0,False
142618,0.0,1.0,0.0,1.0,held,0.0,False
142647,0.125,0.875,0.125,0.875,held,0.0,False
146955,0.0,0.0,0.0,0.0,neither,0.0,False
146998,0.0,0.0,0.0,0.0,neither,0.0,False
147018,0.0,0.0,0.0,0.0,neither,0.0,False
147031,1.0,1.0,1.0,0.0,held,1.0,True
147055,0.0,1.0,0.0,1.0,held,0.0,False
147057,0.0,0.0,0.0,0.0,neither,0.0,False
147066,0.0,0.0,0.0,0.0,neither,0.0,False
147068,0.894,0.329,0.85,0.493,held,0.164,False
147291,0.0,0.0,0.0,0.0,neither,0.0,False
147297,0.0,0.0,0.0,0.0,neither,0.0,False
147302,0.0,0.997,0.0,1.0,held,0.003,False
147315,0.0,1.0,0.0,1.0,held,0.0,False
148980,0.0,0.0,0.0,0.0,neither,0.0,False
148998,0.0,0.0,0.0,0.0,neither,0.0,False
149009,0.25,0.75,0.251,0.749,held,0.001,False
149012,0.592,0.416,0.634,0.378,held,0.041,False
149021,1.0,0.0,1.0,0.0,held,0.0,False
149023,0.0,1.0,0.0,1.0,held,0.0,False
149280,0.5,0.5,0.495,0.512,switched,0.012,False
149283,1.0,1.0,1.0,0.0,held,1.0,True
149307,0.0,1.0,0.0,1.0,held,0.0,False
149308,0.0,0.0,0.0,0.0,neither,0.0,False
149419,0.1,0.9,0.1,0.9,held,0.0,False
149441,0.0,0.0,0.0,0.0,neither,0.0,False
149454,0.0,0.0,0.0,0.0,neither,0.0,False
149456,0.0,1.0,0.0,1.0,held,0.0,False
149484,0.0,0.0,0.0,0.0,neither,0.0,False
149495,0.0,0.0,0.0,0.0,neither,0.0,False
149775,0.0,0.0,0.0,0.0,neither,0.0,False
149786,0.0,0.0,0.0,0.0,neither,0.0,False
149788,0.0,0.999,0.0,1.0,held,0.001,False
149792,0.0,1.0,0.0,1.0,held,0.0,False
149844,0.0,1.0,0.0,1.0,held,0.0,False
149850,0.0,0.0,0.0,0.0,neither,0.0,False
149869,0.0,0.0,0.0,0.0,neither,0.0,False
149870,0.0,1.0,0.0,1.0,held,0.0,False
149984,0.385,0.629,0.365,0.657,held,0.028,False
149986,0.5,0.5,0.5,0.5,held,0.0,False
150116,0.0,1.0,0.0,1.0,held,0.0,False
150129,1.0,0.0,1.0,0.0,held,0.0,False
150130,0.0,0.0,0.0,0.0,neither,0.0,False
150147,0.0,0.0,0.0,0.0,neither,0.0,False
150167,0.0,0.0,0.0,0.0,neither,0.0,False
150177,0.0,0.0,0.0,0.0,neither,0.0,False
150308,0.5,0.5,0.5,0.5,held,0.0,False
150311,1.0,0.0,0.958,0.0,held,0.042,False
150315,0.915,0.0,0.899,0.0,held,0.016,False
150324,0.0,1.0,0.726,0.882,held,0.726,True
150350,0.0,0.0,0.0,0.0,neither,0.0,False
150353,0.0,0.0,0.0,0.0,neither,0.0,False
150371,0.444,0.556,0.444,0.556,held,0.0,False
150377,0.0,0.0,0.0,0.0,neither,0.0,False
150382,0.963,0.037,0.962,0.043,held,0.006,False
150387,0.504,0.499,0.5,0.5,held,0.004,False
150393,0.0,0.0,0.0,0.0,neither,0.0,False
150671,0.28,0.72,0.28,0.72,held,0.0,False
150683,0.736,0.264,0.501,0.499,held,0.235,True
150697,0.0,1.0,0.0,1.0,held,0.0,False
150713,0.0,0.0,0.0,0.0,neither,0.0,False
150724,0.0,0.0,0.0,0.0,neither,0.0,False
150750,0.641,0.359,0.646,0.354,held,0.005,False
150775,1.0,0.0,1.0,0.0,held,0.0,False
150790,0.829,0.173,0.806,0.206,held,0.033,False
150809,0.0,1.0,0.0,1.0,held,0.0,False
151048,1.0,0.0,1.0,0.0,held,0.0,False
151051,0.0,0.0,0.0,0.0,neither,0.0,False
151189,0.0,0.0,0.0,0.0,neither,0.0,False
151201,0.0,0.0,0.0,0.0,neither,0.0,False
151330,0.564,0.436,0.586,0.414,held,0.021,False
151333,1.0,0.0,1.0,0.0,held,0.0,False
151340,0.0,0.0,0.0,0.0,neither,0.0,False
151365,0.999,0.0,0.993,0.487,held,0.487,True
151410,1.0,0.0,1.0,0.0,held,0.0,False
151467,0.0,1.0,0.0,1.0,held,0.0,False
151473,0.0,1.0,0.0,1.0,held,0.0,False
151604,0.0,0.0,0.0,0.0,neither,0.0,False
151636,0.667,0.333,0.662,0.332,held,0.005,False
151646,1.0,0.0,1.0,0.0,held,0.0,False
151648,1.0,0.0,1.0,0.0,held,0.0,False
151659,0.0,0.0,0.0,0.0,neither,0.0,False
151818,0.979,0.021,0.954,0.237,held,0.216,True
151844,1.0,0.0,1.0,0.0,held,0.0,False
151848,0.0,0.996,0.0,1.0,held,0.004,False
151972,0.0,0.0,0.0,0.0,neither,0.0,False
151983,0.0,1.0,0.0,1.0,held,0.0,False
152146,0.0,0.0,0.0,0.0,neither,0.0,False
152148,1.0,0.0,1.0,0.0,held,0.0,False
152151,0.0,1.0,0.0,1.0,held,0.0,False
152155,0.0,1.0,0.0,1.0,held,0.0,False
152296,0.0,1.0,0.0,1.0,held,0.0,False
152333,0.0,0.0,0.0,0.0,neither,0.0,False
152444,0.0,0.0,0.0,0.0,neither,0.0,False
152591,0.0,0.0,0.0,0.0,neither,0.0,False
152605,0.0,1.0,0.0,1.0,held,0.0,False
152608,0.0,0.0,0.0,0.0,neither,0.0,False
152638,0.0,0.0,0.0,0.0,neither,0.0,False
152647,0.0,1.0,0.0,1.0,held,0.0,False
152678,0.0,0.0,0.0,0.0,neither,0.0,False
152684,1.0,0.0,1.0,0.0,held,0.0,False
152688,0.0,0.0,0.0,0.0,neither,0.0,False
152890,0.0,1.0,0.0,1.0,held,0.0,False
152912,0.0,0.0,0.0,0.0,neither,0.0,False
152931,0.0,1.0,0.0,1.0,held,0.0,False
153194,0.0,0.0,0.0,0.0,neither,0.0,False
153198,0.0,0.0,0.0,0.0,neither,0.0,False
153202,0.0,0.0,0.0,0.0,neither,0.0,False
153303,0.0,0.0,0.0,0.0,neither,0.0,False
153321,0.996,0.0,0.512,0.0,held,0.484,True
153340,0.0,0.0,0.0,0.0,neither,0.0,False
153349,0.0,0.0,0.0,0.0,neither,0.0,False
153354,1.0,0.0,1.0,0.0,held,0.0,False
153390,0.0,1.0,0.0,1.0,held,0.0,False
153400,0.0,0.0,0.0,0.0,neither,0.0,False
153452,0.0,0.0,0.0,0.0,neither,0.0,False
153460,0.0,0.0,0.0,0.0,neither,0.0,False
153465,0.0,0.0,0.0,0.0,neither,0.0,False
153471,0.0,0.0,0.0,0.0,neither,0.0,False
153525,0.0,1.0,0.0,1.0,held,0.0,False
153527,0.995,0.0,1.0,0.0,held,0.005,False
153533,1.0,0.0,1.0,0.0,held,0.0,False
153561,0.0,1.0,0.0,1.0,held,0.0,False
153587,0.0,1.0,0.0,1.0,held,0.0,False
153596,0.0,1.0,0.0,1.0,held,0.0,False
153606,0.0,1.0,0.0,1.0,held,0.0,False
153641,0.0,0.0,0.0,0.0,neither,0.0,False
153685,0.0,1.0,0.0,0.995,held,0.005,False
153844,0.0,1.0,0.0,0.997,held,0.003,False
153847,0.0,1.0,0.0,1.0,held,0.0,False
153883,0.0,0.0,0.0,0.0,neither,0.0,False
153902,1.0,0.0,0.948,0.0,held,0.052,False
153932,1.0,0.0,1.0,0.0,held,0.0,False
153967,0.0,0.0,0.0,0.0,neither,0.0,False
154014,0.0,0.0,0.0,0.0,neither,0.0,False
154022,0.214,0.804,0.29,0.758,held,0.076,False
154066,1.0,0.0,1.0,0.0,held,0.0,False
154086,1.0,0.0,1.0,0.0,held,0.0,False
154099,0.0,0.0,0.0,0.0,neither,0.0,False
154183,0.0,0.0,0.0,0.0,neither,0.0,False
154198,0.0,1.0,0.0,1.0,held,0.0,False
154223,0.0,1.0,0.0,1.0,held,0.0,False
154249,0.0,0.0,0.0,0.0,neither,0.0,False
154306,0.0,0.0,0.0,0.0,neither,0.0,False
154348,0.249,0.272,0.185,0.342,held,0.07,False
154379,0.0,1.0,0.0,0.997,held,0.003,False
154386,0.0,1.0,0.0,1.0,held,0.0,False
154396,0.0,0.0,0.0,0.0,neither,0.0,False
154404,0.0,0.0,0.0,0.0,neither,0.0,False
154437,0.0,0.0,0.0,0.0,neither,0.0,False
154446,0.0,0.0,0.0,0.0,neither,0.0,False
154453,0.0,1.0,0.0,1.0,held,0.0,False
154474,0.0,0.0,0.0,0.0,neither,0.0,False
154504,0.0,0.0,0.0,0.0,neither,0.0,False
154517,0.0,0.0,0.0,0.0,neither,0.0,False
154525,0.0,0.0,0.0,0.0,neither,0.0,False
154532,0.0,0.0,0.0,0.0,neither,0.0,False
154544,0.0,0.0,0.0,0.0,neither,0.0,False
154549,0.0,0.0,0.0,0.0,neither,0.0,False
154553,0.0,0.0,0.0,0.0,neither,0.0,False
154566,0.0,0.0,0.0,0.0,neither,0.0,False
154578,1.0,0.0,1.0,0.0,held,0.0,False
154638,0.0,0.0,0.0,0.0,neither,0.0,False
154755,0.0,0.0,0.0,0.0,neither,0.0,False
213286,0.0,0.0,0.0,0.0,neither,0.0,False
