hostname,exp,exp_category,category,host,where,asn
24newshd.tv,01,news,Abroad,HETZNER-AS,"Helsinki, Uusimaa, FI",AS24940
alfatah.com.pk,01,ecommerce,Abroad,AS-HOSTINGER,"Jakarta, Jakarta, ID",AS47583
balochistan.gov.pk,01,government,Abroad,ORACLE-BMC-31898,"Ashburn, Virginia, US",AS31898
brain.net.pk,01,telecom,Abroad,HETZNER-CLOUD2-AS,"Ashburn, Virginia, US",AS213230
dailypakistan.com.pk,01,news,Abroad,HETZNER-AS,"Helsinki, Uusimaa, FI",AS24940
daraz.pk,01,ecommerce,Abroad,ALIBABA-CN-NET,"Singapore, North West, SG",AS45102
faysal.com,01,banking,Abroad,NETWORK-SOLUTIONS-HOSTING,"Jacksonville, Florida, US",AS19871
habibmetro.com,01,banking,Abroad,DOSARREST,"New York, New York, US",AS19324
ilmkidunya.com,01,education,Abroad,OVH,"Beauharnois, Quebec, CA",AS16276
nawaiwaqt.com.pk,01,news,Abroad,HETZNER-AS,"Helsinki, Uusimaa, FI",AS24940
sapphireonline.pk,01,ecommerce,Abroad,EDNS,"Toronto, Ontario, CA",AS16686
symbios.pk,01,ecommerce,Abroad,LIQUIDWEB,"Lansing, Michigan, US",AS32244
wateen.com,01,telecom,Abroad,AS-HOSTINGER,"Jakarta, Jakarta, ID",AS47583
aku.edu,01,education,CDN,Microsoft/Azure,"Dublin, Leinster, IE",AS8075
arynews.tv,01,news,CDN,Cloudflare,"Karachi, Sindh, PK",AS13335
askaribank.com.pk,01,banking,CDN,Cloudflare,"Karachi, Sindh, PK",AS13335
bankalfalah.com,01,banking,CDN,Microsoft/Azure,"Dubai, Dubai, AE",AS8075
bankislami.com.pk,01,banking,CDN,Cloudflare,"Karachi, Sindh, PK",AS13335
bisp.gov.pk,01,government,CDN,Cloudflare,"Singapore, Central Singapore, SG",AS13335
bolnews.com,01,news,CDN,Cloudflare,"Karachi, Sindh, PK",AS13335
bykea.com,01,food,CDN,Cloudflare,"Kwai Chung, Kwai Tsing District, HK",AS13335
comsats.edu.pk,01,education,CDN,Cloudflare,"Karachi, Sindh, PK",AS13335
dawn.com,01,news,CDN,Cloudflare,"Karachi, Sindh, PK",AS13335
easypaisa.com.pk,01,banking,CDN,AWS,"Singapore, Central Singapore, SG",AS16509
express.com.pk,01,news,CDN,Cloudflare,"Singapore, Central Singapore, SG",AS13335
foodpanda.pk,01,food,CDN,Cloudflare,"Karachi, Sindh, PK",AS13335
geo.tv,01,news,CDN,Cloudflare,"Karachi, Sindh, PK",AS13335
gharbaar.com,01,real_estate,CDN,AWS,"Mumbai, Maharashtra, IN",AS16509
gulahmedshop.com,01,ecommerce,CDN,Cloudflare,"Karachi, Sindh, PK",AS13335
hamariweb.com,01,news,CDN,Cloudflare,"Karachi, Sindh, PK",AS13335
hbl.com,01,banking,CDN,Imperva/Incapsula,"Secaucus, New Jersey, US",AS19551
hum.tv,01,entertainment,CDN,Microsoft/Azure,"Dubai, Dubai, AE",AS8075
iba.edu.pk,01,education,CDN,Sucuri,"Frankfurt am Main, Hesse, DE",AS30148
ishopping.pk,01,ecommerce,CDN,Cloudflare,"Karachi, Sindh, PK",AS13335
jang.com.pk,01,news,CDN,Cloudflare,"Karachi, Sindh, PK",AS13335
jazz.com.pk,01,telecom,CDN,Cloudflare,"Karachi, Sindh, PK",AS13335
jazzcash.com.pk,01,banking,CDN,Cloudflare,"Karachi, Sindh, PK",AS13335
khaadi.com,01,ecommerce,CDN,AWS,"Muscat, Muscat, OM",AS16509
mcb.com.pk,01,banking,CDN,Sucuri,"Frankfurt am Main, Hesse, DE",AS30148
meezanbank.com,01,banking,CDN,Cloudflare,"Karachi, Sindh, PK",AS13335
nadra.gov.pk,01,government,CDN,Akamai,"Gebze, Kocaeli, TR",AS20940
nayapay.com,01,banking,CDN,Cloudflare,"Karachi, Sindh, PK",AS13335
nlc.com.pk,01,government,CDN,Cloudflare,"Karachi, Sindh, PK",AS13335
nust.edu.pk,01,education,CDN,Cloudflare,"Karachi, Sindh, PK",AS13335
oladoc.com,01,health,CDN,Cloudflare,"Karachi, Sindh, PK",AS13335
olx.com.pk,01,ecommerce,CDN,AWS,"‘Awālī, Southern Governorate, BH",AS16509
outfitters.com.pk,01,ecommerce,CDN,Cloudflare,"Karachi, Sindh, PK",AS13335
pakwheels.com,01,ecommerce,CDN,Cloudflare,"Karachi, Sindh, PK",AS13335
priceoye.pk,01,ecommerce,CDN,Cloudflare,"Karachi, Sindh, PK",AS13335
propakistani.pk,01,news,CDN,Cloudflare,"Karachi, Sindh, PK",AS13335
rozee.pk,01,education,CDN,Cloudflare,"Karachi, Sindh, PK",AS13335
sadapay.com,01,banking,CDN,Cloudflare,"San Francisco, California, US",AS209242
sargodha.com,01,ecommerce,CDN,AWS,"Seattle, Washington, US",AS16509
sehat.com.pk,01,health,CDN,Cloudflare,"Kwai Chung, Kwai Tsing District, HK",AS13335
shifa.com.pk,01,health,CDN,Cloudflare,"Karachi, Sindh, PK",AS13335
shophive.com,01,ecommerce,CDN,Cloudflare,"Karachi, Sindh, PK",AS13335
such.tv,01,news,CDN,AWS,"Montreal, Quebec, CA",AS16509
taleem360.com,01,education,CDN,Cloudflare,"Kwai Chung, Kwai Tsing District, HK",AS13335
taleemabad.com,01,education,CDN,AWS,"Singapore, Central Singapore, SG",AS16509
telemart.pk,01,ecommerce,CDN,Cloudflare,"Kwai Chung, Kwai Tsing District, HK",AS13335
telenor.com.pk,01,telecom,CDN,Cloudflare,"Karachi, Sindh, PK",AS13335
thenews.com.pk,01,news,CDN,Cloudflare,"Karachi, Sindh, PK",AS13335
tribune.com.pk,01,news,CDN,Cloudflare,"Karachi, Sindh, PK",AS13335
uet.edu.pk,01,education,CDN,Cloudflare,"Kwai Chung, Kwai Tsing District, HK",AS13335
urdupoint.com,01,news,CDN,Cloudflare,"Karachi, Sindh, PK",AS13335
zameen.com,01,real_estate,CDN,AWS,"Dublin, Leinster, IE",AS16509
kp.gov.pk,01,government,Pakistan,NTC-AS-AP,"Rawalpindi, Punjab, PK",AS23888
lums.edu.pk,01,education,Pakistan,PKTELECOM-AS-PK,"Lahore, Punjab, PK",AS17557
pta.gov.pk,01,government,Pakistan,NTC-AS-AP,"Rawalpindi, Punjab, PK",AS23888
pu.edu.pk,01,education,Pakistan,HECPERN-AS-PK,"Lahore, Punjab, PK",AS45773
railways.gov.pk,01,government,Pakistan,CYBERNET-AP,"Karachi, Sindh, PK",AS9541
sindh.gov.pk,01,government,Pakistan,NTC-AS-AP,"Rawalpindi, Punjab, PK",AS23888
zong.com.pk,01+1.4,telecom,Abroad,AS-26496-GO-DADDY-COM-LLC,"Singapore, North West, SG",AS26496
secp.gov.pk,01+1.4,government,CDN,Cloudflare,"Karachi, Sindh, PK",AS13335
dunyanews.tv,01+1.4,news,Pakistan,MULTINET-AS-AP,"Islamabad, Islamabad, PK",AS9260
fbr.gov.pk,01+1.4,government,Pakistan,FBR-AS-AP,"Islamabad, Islamabad, PK",AS138424
goto.com.pk,01+1.4,ecommerce,Pakistan,TELECARD-AS-AP,"Karachi, Sindh, PK",AS55340
hec.gov.pk,01+1.4,government,Pakistan,HECPERN-AS-PK,"Lahore, Punjab, PK",AS45773
moitt.gov.pk,01+1.4,government,Pakistan,CYBERNET-AP,"Karachi, Sindh, PK",AS9541
nayatel.com,01+1.4,telecom,Pakistan,NAYATEL-PK,"Islamabad, Islamabad, PK",AS23674
nexlinx.net.pk,01+1.4,telecom,Pakistan,NEXLINX-AS-AP,"Lahore, Punjab, PK",AS17563
pakistan.gov.pk,01+1.4,government,Pakistan,CYBERNET-AP,"Karachi, Sindh, PK",AS9541
pbs.gov.pk,01+1.4,government,Pakistan,NTC-AS-AP,"Islamabad, Islamabad, PK",AS23888
pid.gov.pk,01+1.4,government,Pakistan,COMSATS,"Islamabad, Islamabad, PK",AS7590
pitc.com.pk,01+1.4,government,Pakistan,PITC1-AS-AP,"Lahore, Punjab, PK",AS153561
pseb.org.pk,01+1.4,government,Pakistan,MULTINET-AS-AP,"Karachi, Sindh, PK",AS9260
ptcl.com.pk,01+1.4,telecom,Pakistan,PKTELECOM-AS-PK,"Islamabad, Islamabad, PK",AS17557
pucit.edu.pk,01+1.4,education,Pakistan,LDN-AS-PK,"Islamabad, Islamabad, PK",AS23966
punjab.gov.pk,01+1.4,government,Pakistan,PITB-PUNJAB-PK,"Lahore, Punjab, PK",AS59323
stormfiber.com,01+1.4,telecom,Pakistan,CYBERNET-AP,"Karachi, Sindh, PK",AS9541
ubldigital.com,01+1.4,banking,Pakistan,UBL-PK,"Karachi, Sindh, PK",AS56126
adamjeeinsurance.com,1.4,gov/edu/utility,Pakistan,TWA-AS-AP,"Karachi, PK",AS38193
agp.gov.pk,1.4,gov/edu/utility,Pakistan,CYBERNET-AP,"Lahore, PK",AS9541
agpr.gov.pk,1.4,gov/edu/utility,Pakistan,CYBERNET-AP,"Lahore, PK",AS9541
alfalahamc.com,1.4,gov/edu/utility,Pakistan,CYBERNET-APII,"Karachi, PK",AS24440
aust.edu.pk,1.4,gov/edu/utility,Pakistan,LDN-AS-PK,"Islamabad, PK",AS23966
aviation.gov.pk,1.4,gov/edu/utility,Pakistan,CYBERNET-AP,"Lahore, PK",AS9541
bisehyd.edu.pk,1.4,gov/edu/utility,Pakistan,GESNET-AS-AP,"Karachi, PK",AS58893
cga.gov.pk,1.4,gov/edu/utility,Pakistan,CYBERNET-AP,"Lahore, PK",AS9541
cii.gov.pk,1.4,gov/edu/utility,Pakistan,CYBERNET-AP,"Lahore, PK",AS9541
comsats.net.pk,1.4,gov/edu/utility,Pakistan,COMSATS,"Islamabad, PK",AS7590
crcp.org.pk,1.4,gov/edu/utility,Pakistan,MULTINET-IE-AS-AP,"Islamabad, PK",AS135523
digiskills.pk,1.4,gov/edu/utility,Pakistan,WATEEN-IMS-PK-AS-AP,"Lahore, PK",AS38264
dunya.com.pk,1.4,gov/edu/utility,Pakistan,TWA-AS-AP,"Karachi, PK",AS38193
ead.gov.pk,1.4,gov/edu/utility,Pakistan,CYBERNET-AP,"Lahore, PK",AS9541
ecp.gov.pk,1.4,gov/edu/utility,Pakistan,PKTELECOM-AS-PK,"Islamabad, PK",AS17557
eobi.gov.pk,1.4,gov/edu/utility,Pakistan,COMSATS,"Islamabad, PK",AS7590
fauji.com.pk,1.4,gov/edu/utility,Pakistan,NAYATEL-PK,"Islamabad, PK",AS23674
fc.gov.pk,1.4,gov/edu/utility,Pakistan,COMSATS,"Islamabad, PK",AS7590
fesco.com.pk,1.4,gov/edu/utility,Pakistan,PITC1-AS-AP,"Lahore, PK",AS153561
gepco.com.pk,1.4,gov/edu/utility,Pakistan,PITC1-AS-AP,"Lahore, PK",AS153561
gnnhd.tv,1.4,gov/edu/utility,Pakistan,GOURMETFOODS-AS-AP,"Lahore, PK",AS149307
hitecuni.edu.pk,1.4,gov/edu/utility,Pakistan,LDN-AS-PK,"Islamabad, PK",AS23966
iesco.com.pk,1.4,gov/edu/utility,Pakistan,COMSATS,"Saidpur, PK",AS7590
iqra.edu.pk,1.4,gov/edu/utility,Pakistan,IQRAUNIVERSITY-AS-AP,"Karachi, PK",AS139024
irrigation.punjab.gov.pk,1.4,gov/edu/utility,Pakistan,PITB-PUNJAB-PK,"Lahore, PK",AS59323
irrigation.sindh.gov.pk,1.4,gov/edu/utility,Pakistan,BBI-AS-AP,"Tando Adam, PK",AS138039
isra.edu.pk,1.4,gov/edu/utility,Pakistan,GESNET-AS-AP,"Islamabad, PK",AS58893
jinnah.edu.pk,1.4,gov/edu/utility,Pakistan,LDN-AS-PK,"Islamabad, PK",AS23966
kiu.edu.pk,1.4,gov/edu/utility,Pakistan,COMSATS,"Islamabad, PK",AS7590
lesco.gov.pk,1.4,gov/edu/utility,Pakistan,NEXLINX-AS-AP,"Lahore, PK",AS17563
lhc.gov.pk,1.4,gov/edu/utility,Pakistan,PITB-PUNJAB-PK,"Lahore, PK",AS59323
livestock.punjab.gov.pk,1.4,gov/edu/utility,Pakistan,PITB-PUNJAB-PK,"Lahore, PK",AS59323
maju.edu.pk,1.4,gov/edu/utility,Pakistan,WATEEN-IMS-PK-AS-AP,"Karachi, PK",AS38264
mepco.com.pk,1.4,gov/edu/utility,Pakistan,PITC1-AS-AP,"Lahore, PK",AS153561
mocc.gov.pk,1.4,gov/edu/utility,Pakistan,CYBERNET-AP,"Lahore, PK",AS9541
mofept.gov.pk,1.4,gov/edu/utility,Pakistan,CYBERNET-AP,"Lahore, PK",AS9541
nab.gov.pk,1.4,gov/edu/utility,Pakistan,CYBERNET-AP,"Lahore, PK",AS9541
nacp.gov.pk,1.4,gov/edu/utility,Pakistan,NAYATEL-PK,"Islamabad, PK",AS23674
ncsw.gov.pk,1.4,gov/edu/utility,Pakistan,CYBERNET-AP,"Lahore, PK",AS9541
ndma.gov.pk,1.4,gov/edu/utility,Pakistan,PKTELECOM-AS-PK,"Taunsa, PK",AS17557
nhmp.gov.pk,1.4,gov/edu/utility,Pakistan,CYBERNET-AP,"Lahore, PK",AS9541
nhsrc.gov.pk,1.4,gov/edu/utility,Pakistan,CYBERNET-AP,"Lahore, PK",AS9541
nitb.gov.pk,1.4,gov/edu/utility,Pakistan,CYBERNET-AP,"Lahore, PK",AS9541
ntc.net.pk,1.4,gov/edu/utility,Pakistan,CYBERNET-AP,"Lahore, PK",AS9541
ntdc.gov.pk,1.4,gov/edu/utility,Pakistan,PKTELECOM-AS-PK,"Islamabad, PK",AS17557
nu.edu.pk,1.4,gov/edu/utility,Pakistan,COMSATS,"Islamabad, PK",AS7590
ogdcl.com,1.4,gov/edu/utility,Pakistan,COMSATS,"Islamabad, PK",AS7590
paec.gov.pk,1.4,gov/edu/utility,Pakistan,CYBERNET-AP,"Lahore, PK",AS9541
pap.gov.pk,1.4,gov/edu/utility,Pakistan,PITB-PUNJAB-PK,"Lahore, PK",AS59323
parco.com.pk,1.4,gov/edu/utility,Pakistan,CYBERNET-APII,"Karachi, PK",AS24440
pcsir.gov.pk,1.4,gov/edu/utility,Pakistan,CYBERNET-AP,"Lahore, PK",AS9541
pcsw.punjab.gov.pk,1.4,gov/edu/utility,Pakistan,PITB-PUNJAB-PK,"Lahore, PK",AS59323
pdma.gop.pk,1.4,gov/edu/utility,Pakistan,PITB-PUNJAB-PK,"Lahore, PK",AS59323
pemra.gov.pk,1.4,gov/edu/utility,Pakistan,CYBERNET-AP,"Lahore, PK",AS9541
petroleum.gov.pk,1.4,gov/edu/utility,Pakistan,CYBERNET-AP,"Lahore, PK",AS9541
phc.org.pk,1.4,gov/edu/utility,Pakistan,NEXLINX-AS-AP,"Lahore, PK",AS17563
pims.gov.pk,1.4,gov/edu/utility,Pakistan,CYBERNET-AP,"Lahore, PK",AS9541
pitb.gov.pk,1.4,gov/edu/utility,Pakistan,PITB-PUNJAB-PK,"Lahore, PK",AS59323
pmc.edu.pk,1.4,gov/edu/utility,Pakistan,COMSATS,"Islamabad, PK",AS7590
pmo.gov.pk,1.4,gov/edu/utility,Pakistan,CYBERNET-AP,"Lahore, PK",AS9541
ppaf.org.pk,1.4,gov/edu/utility,Pakistan,NAYATEL-PK,"Islamabad, PK",AS23674
ppra.gov.pk,1.4,gov/edu/utility,Pakistan,PKTELECOM-AS-PK,"Islamabad, PK",AS17557
pra.gop.pk,1.4,gov/edu/utility,Pakistan,NAYATEL-PK,"Islamabad, PK",AS23674
pral.com.pk,1.4,gov/edu/utility,Pakistan,FBR-AS-AP,"Islamabad, PK",AS138424
prsp.org.pk,1.4,gov/edu/utility,Pakistan,NEXLINX-AS-AP,"Lahore, PK",AS17563
psl.com.pk,1.4,gov/edu/utility,Pakistan,NAYATEL-PK,"Islamabad, PK",AS23674
pts.org.pk,1.4,gov/edu/utility,Pakistan,CYBERNET-AP,"Karachi, PK",AS9541
pvtc.gop.pk,1.4,gov/edu/utility,Pakistan,PITB-PUNJAB-PK,"Lahore, PK",AS59323
qesco.com.pk,1.4,gov/edu/utility,Pakistan,PITC1-AS-AP,"Lahore, PK",AS153561
rmc.edu.pk,1.4,gov/edu/utility,Pakistan,COMSATS,"Islamabad, PK",AS7590
sacgb.gov.pk,1.4,gov/edu/utility,Pakistan,COMSATS,"Rawalpindi, PK",AS7590
sepco.com.pk,1.4,gov/edu/utility,Pakistan,PITC1-AS-AP,"Lahore, PK",AS153561
silkbank.com.pk,1.4,gov/edu/utility,Pakistan,CYBERNET-APII,"Karachi, PK",AS24440
sngpl.com.pk,1.4,gov/edu/utility,Pakistan,WATEEN-IMS-PK-AS-AP,"Lahore, PK",AS38264
tevta.gop.pk,1.4,gov/edu/utility,Pakistan,MULTINET-AS-AP,"Lahore, PK",AS9260
uaf.edu.pk,1.4,gov/edu/utility,Pakistan,COMSATS,"Islamabad, PK",AS7590
ubank.com.pk,1.4,gov/edu/utility,Pakistan,MULTINET-AS-AP,"Karachi, PK",AS9260
ufone.com,1.4,gov/edu/utility,Pakistan,PKTELECOM-AS-PK,"Islamabad, PK",AS17557
wapda.gov.pk,1.4,gov/edu/utility,Pakistan,PITC1-AS-AP,"Lahore, PK",AS153561
yansrhr.org,1.4,gov/edu/utility,Pakistan,LDN-AS-PK,"Islamabad, PK",AS23966
ztbl.com.pk,1.4,gov/edu/utility,Pakistan,CYBERNET-AP,"Lahore, PK",AS9541
