ping_time,target_hostname,target_label,sent,rcvd,loss_pct,rtt_min,rtt_avg,rtt_max,measurement_id
2026-06-10T10:36:46+00:00,dunyanews.tv,Dunya News,3,3,0.0,40.314704,40.62569266666667,40.927961,178955540
2026-06-10T10:37:47+00:00,dunyanews.tv,Dunya News,3,3,0.0,40.258241,40.59861933333334,40.938544,178955540
2026-06-10T10:38:42+00:00,dunyanews.tv,Dunya News,3,3,0.0,40.539307,40.578483999999996,40.639076,178955540
2026-06-10T10:39:39+00:00,dunyanews.tv,Dunya News,3,3,0.0,40.629155,40.696468333333335,40.812533,178955540
2026-06-10T10:40:47+00:00,dunyanews.tv,Dunya News,3,3,0.0,40.491302,40.61104666666667,40.840775,178955540
2026-06-10T10:41:42+00:00,dunyanews.tv,Dunya News,3,3,0.0,39.619232,40.296041333333335,40.698772,178955540
2026-06-10T10:42:48+00:00,dunyanews.tv,Dunya News,3,3,0.0,40.677251,40.85348033333333,41.034084,178955540
2026-06-10T10:43:47+00:00,dunyanews.tv,Dunya News,3,3,0.0,40.276733,40.62185866666667,41.136814,178955540
2026-06-10T10:44:39+00:00,dunyanews.tv,Dunya News,2,2,0.0,40.745098,40.812224,40.87935,178955540
2026-06-10T10:45:43+00:00,dunyanews.tv,Dunya News,3,3,0.0,40.410425,40.875828000000006,41.146813,178955540
2026-06-10T10:46:40+00:00,dunyanews.tv,Dunya News,3,3,0.0,40.515154,40.68501033333333,40.809262,178955540
2026-06-10T10:47:51+00:00,dunyanews.tv,Dunya News,3,3,0.0,40.562439,40.69647799999999,40.89311,178955540
2026-06-10T10:48:47+00:00,dunyanews.tv,Dunya News,3,3,0.0,40.619964,40.73496166666667,40.849026,178955540
2026-06-10T10:49:40+00:00,dunyanews.tv,Dunya News,3,3,0.0,40.520435,40.70434566666666,40.861827,178955540
2026-06-10T10:50:50+00:00,dunyanews.tv,Dunya News,3,3,0.0,40.371616,40.53955166666667,40.786135,178955540
2026-06-10T10:51:45+00:00,dunyanews.tv,Dunya News,3,3,0.0,40.857822,40.929562,41.017117,178955540
2026-06-10T10:52:42+00:00,dunyanews.tv,Dunya News,3,3,0.0,40.480347,40.62387966666667,40.898305,178955540
2026-06-10T10:53:45+00:00,dunyanews.tv,Dunya News,3,3,0.0,40.570995,41.86471600000001,44.095965,178955540
2026-06-10T10:54:42+00:00,dunyanews.tv,Dunya News,3,3,0.0,41.174412,41.302583,41.466998,178955540
2026-06-10T10:55:47+00:00,dunyanews.tv,Dunya News,3,3,0.0,40.219415,40.64966866666666,40.979246,178955540
2026-06-10T10:56:37+00:00,dunyanews.tv,Dunya News,3,3,0.0,40.503203,40.727836999999994,40.866837,178955540
2026-06-10T10:57:50+00:00,dunyanews.tv,Dunya News,3,3,0.0,40.662738,40.815365,40.930602,178955540
2026-06-10T10:58:50+00:00,dunyanews.tv,Dunya News,3,3,0.0,40.302045,40.62060833333333,40.799852,178955540
2026-06-10T10:59:45+00:00,dunyanews.tv,Dunya News,3,3,0.0,40.726645,40.90759499999999,41.030033,178955540
2026-06-10T11:00:42+00:00,dunyanews.tv,Dunya News,3,3,0.0,40.485104,40.71264433333334,41.112121,178955540
2026-06-10T11:01:38+00:00,dunyanews.tv,Dunya News,3,3,0.0,40.627197,40.782731000000005,40.892421,178955540
2026-06-10T11:02:42+00:00,dunyanews.tv,Dunya News,3,3,0.0,39.749196,40.150939666666666,40.917464,178955540
2026-06-10T11:03:40+00:00,dunyanews.tv,Dunya News,3,3,0.0,39.990814,40.523529,40.873054,178955540
2026-06-10T11:04:40+00:00,dunyanews.tv,Dunya News,3,3,0.0,40.756084,40.93063333333333,41.236848,178955540
2026-06-10T11:05:51+00:00,dunyanews.tv,Dunya News,3,3,0.0,40.502621,40.71525433333333,40.901618,178955540
2026-06-10T11:06:49+00:00,dunyanews.tv,Dunya News,3,3,0.0,40.467018,40.61297833333333,40.828732,178955540
2026-06-10T11:07:45+00:00,dunyanews.tv,Dunya News,3,3,0.0,40.387085,40.56816833333333,40.777841,178955540
2026-06-10T11:08:50+00:00,dunyanews.tv,Dunya News,3,3,0.0,40.584704,40.646283,40.682953,178955540
2026-06-10T11:09:40+00:00,dunyanews.tv,Dunya News,3,3,0.0,40.620467,40.783201999999996,41.015223,178955540
2026-06-10T11:10:43+00:00,dunyanews.tv,Dunya News,3,3,0.0,40.32628,40.433436666666665,40.513818,178955540
2026-06-10T11:11:45+00:00,dunyanews.tv,Dunya News,3,3,0.0,40.673349,40.74079566666666,40.839525,178955540
2026-06-10T11:12:49+00:00,dunyanews.tv,Dunya News,3,3,0.0,40.57006,41.33317066666667,42.574325,178955540
2026-06-10T11:13:40+00:00,dunyanews.tv,Dunya News,3,2,33.3,40.535578,40.569541,40.603504,178955540
2026-06-10T11:14:39+00:00,dunyanews.tv,Dunya News,3,3,0.0,40.651748,41.52708233333333,43.186382,178955540
2026-06-10T11:15:45+00:00,dunyanews.tv,Dunya News,3,3,0.0,40.632707,40.80426933333334,41.087629,178955540
2026-06-10T11:16:41+00:00,dunyanews.tv,Dunya News,3,3,0.0,40.449563,40.65571533333333,40.817277,178955540
2026-06-10T11:17:38+00:00,dunyanews.tv,Dunya News,3,3,0.0,40.52085,40.600484,40.668624,178955540
2026-06-10T11:18:46+00:00,dunyanews.tv,Dunya News,3,3,0.0,40.704868,40.84640033333333,41.043298,178955540
2026-06-10T11:19:46+00:00,dunyanews.tv,Dunya News,3,3,0.0,40.160098,40.51895733333333,40.808397,178955540
2026-06-10T11:20:47+00:00,dunyanews.tv,Dunya News,3,3,0.0,40.67207,40.78184033333333,40.979139,178955540
2026-06-10T11:21:51+00:00,dunyanews.tv,Dunya News,3,3,0.0,40.586485,40.76223466666667,40.898834,178955540
2026-06-10T11:22:48+00:00,dunyanews.tv,Dunya News,3,3,0.0,40.276536,40.498263333333334,40.659052,178955540
2026-06-10T11:23:51+00:00,dunyanews.tv,Dunya News,3,3,0.0,40.358383,40.699108333333335,41.029246,178955540
2026-06-10T11:24:45+00:00,dunyanews.tv,Dunya News,3,3,0.0,40.547447,40.637668999999995,40.698101,178955540
2026-06-10T11:25:43+00:00,dunyanews.tv,Dunya News,3,3,0.0,40.58417,40.68415266666667,40.791309,178955540
2026-06-10T11:26:42+00:00,dunyanews.tv,Dunya News,2,2,0.0,40.345908,40.540366500000005,40.734825,178955540
2026-06-10T11:27:49+00:00,dunyanews.tv,Dunya News,3,3,0.0,40.017718,40.39111233333333,40.604972,178955540
2026-06-10T11:28:39+00:00,dunyanews.tv,Dunya News,3,2,33.3,40.391353,40.568449,40.745545,178955540
2026-06-10T11:29:48+00:00,dunyanews.tv,Dunya News,3,3,0.0,40.639594,40.852707,41.263652,178955540
2026-06-10T11:30:39+00:00,dunyanews.tv,Dunya News,3,3,0.0,40.210755,40.54091866666666,40.735763,178955540
2026-06-10T11:31:51+00:00,dunyanews.tv,Dunya News,3,3,0.0,40.636954,40.738109666666666,40.858334,178955540
2026-06-10T11:32:50+00:00,dunyanews.tv,Dunya News,3,3,0.0,40.327245,40.572548000000005,40.725202,178955540
2026-06-10T11:33:39+00:00,dunyanews.tv,Dunya News,3,3,0.0,40.69351,40.79778666666667,40.874407,178955540
2026-06-10T11:34:42+00:00,dunyanews.tv,Dunya News,3,3,0.0,40.484531,40.77653133333333,41.063865,178955540
2026-06-10T11:35:49+00:00,dunyanews.tv,Dunya News,3,3,0.0,40.244829,40.57037866666667,40.870246,178955540
2026-06-10T11:36:44+00:00,dunyanews.tv,Dunya News,3,3,0.0,40.621743,42.06022266666667,44.719641,178955540
2026-06-10T11:37:47+00:00,dunyanews.tv,Dunya News,3,3,0.0,40.785198,40.96441466666667,41.183395,178955540
2026-06-10T11:38:44+00:00,dunyanews.tv,Dunya News,3,3,0.0,40.674788,40.72721966666666,40.813521,178955540
2026-06-10T11:39:51+00:00,dunyanews.tv,Dunya News,3,3,0.0,40.176662,40.50119866666667,40.703831,178955540
2026-06-10T11:40:43+00:00,dunyanews.tv,Dunya News,3,3,0.0,40.570539,40.898728999999996,41.086026,178955540
2026-06-10T11:41:37+00:00,dunyanews.tv,Dunya News,3,3,0.0,40.246508,40.83400266666666,41.902662,178955540
2026-06-10T11:42:46+00:00,dunyanews.tv,Dunya News,3,3,0.0,40.403167,40.612812999999996,40.791043,178955540
2026-06-10T11:43:42+00:00,dunyanews.tv,Dunya News,3,3,0.0,40.728237,41.417340333333335,42.767705,178955540
2026-06-10T11:44:42+00:00,dunyanews.tv,Dunya News,3,3,0.0,40.447571,40.68641933333333,40.907693,178955540
2026-06-10T11:45:45+00:00,dunyanews.tv,Dunya News,3,3,0.0,40.557581,40.714742,40.802003,178955540
2026-06-10T11:46:44+00:00,dunyanews.tv,Dunya News,3,3,0.0,40.424772,40.53078166666666,40.720479,178955540
2026-06-10T11:47:49+00:00,dunyanews.tv,Dunya News,2,2,0.0,40.431653,40.615629999999996,40.799607,178955540
2026-06-10T11:48:42+00:00,dunyanews.tv,Dunya News,3,3,0.0,40.422772,40.724853333333336,41.116436,178955540
2026-06-10T11:49:43+00:00,dunyanews.tv,Dunya News,3,3,0.0,40.272598,40.611003000000004,40.800887,178955540
2026-06-10T11:50:51+00:00,dunyanews.tv,Dunya News,3,3,0.0,40.574152,40.77977166666667,41.037956,178955540
2026-06-10T11:51:41+00:00,dunyanews.tv,Dunya News,3,3,0.0,40.644799,40.702138,40.744489,178955540
2026-06-10T11:52:37+00:00,dunyanews.tv,Dunya News,3,3,0.0,40.673921,40.77313066666667,40.841057,178955540
2026-06-10T11:53:39+00:00,dunyanews.tv,Dunya News,3,3,0.0,40.475343,40.682349,40.900663,178955540
2026-06-10T11:54:49+00:00,dunyanews.tv,Dunya News,3,3,0.0,40.411671,40.503387000000004,40.648414,178955540
2026-06-10T11:55:51+00:00,dunyanews.tv,Dunya News,3,3,0.0,40.529682,40.80661466666667,41.008447,178955540
2026-06-10T11:56:50+00:00,dunyanews.tv,Dunya News,3,3,0.0,40.722821,40.937187333333334,41.14982,178955540
2026-06-10T11:57:40+00:00,dunyanews.tv,Dunya News,3,3,0.0,40.29094,40.64828,40.960203,178955540
2026-06-10T11:58:37+00:00,dunyanews.tv,Dunya News,3,3,0.0,40.466237,40.56779266666667,40.739862,178955540
2026-06-10T11:59:42+00:00,dunyanews.tv,Dunya News,3,3,0.0,40.717698,40.815147,40.971242,178955540
2026-06-10T12:00:51+00:00,dunyanews.tv,Dunya News,3,3,0.0,40.581045,40.618515,40.672653,178955540
2026-06-10T12:01:47+00:00,dunyanews.tv,Dunya News,3,3,0.0,40.536321,40.59947333333333,40.63537,178955540
2026-06-10T12:02:44+00:00,dunyanews.tv,Dunya News,3,3,0.0,40.389827,40.61067466666666,40.836909,178955540
2026-06-10T12:03:51+00:00,dunyanews.tv,Dunya News,3,3,0.0,40.80762,40.856958,40.91859,178955540
2026-06-10T12:04:43+00:00,dunyanews.tv,Dunya News,3,3,0.0,40.590081,40.85325133333333,41.176454,178955540
2026-06-10T12:05:49+00:00,dunyanews.tv,Dunya News,3,3,0.0,40.613641,40.695781000000004,40.771414,178955540
2026-06-10T12:06:47+00:00,dunyanews.tv,Dunya News,3,3,0.0,40.429355,42.442370333333336,46.175728,178955540
2026-06-10T12:07:38+00:00,dunyanews.tv,Dunya News,3,3,0.0,40.473895,40.58758566666666,40.720238,178955540
2026-06-10T12:08:36+00:00,dunyanews.tv,Dunya News,3,3,0.0,40.584058,40.83952166666666,41.03578,178955540
2026-06-10T12:09:50+00:00,dunyanews.tv,Dunya News,3,3,0.0,40.648798,40.980668666666666,41.261334,178955540
2026-06-10T12:10:39+00:00,dunyanews.tv,Dunya News,3,3,0.0,40.478883,40.53691533333333,40.600655,178955540
2026-06-10T12:11:42+00:00,dunyanews.tv,Dunya News,3,3,0.0,40.29923,40.54549333333333,40.879125,178955540
2026-06-10T12:12:40+00:00,dunyanews.tv,Dunya News,3,3,0.0,40.317618,40.672797,40.957436,178955540
2026-06-10T12:13:45+00:00,dunyanews.tv,Dunya News,3,3,0.0,40.647916,40.78803633333334,41.010751,178955540
2026-06-10T12:14:39+00:00,dunyanews.tv,Dunya News,3,3,0.0,40.455647,40.681961333333334,40.935851,178955540
2026-06-10T12:15:45+00:00,dunyanews.tv,Dunya News,3,3,0.0,40.354356,40.591231,40.749912,178955540
2026-06-10T12:16:48+00:00,dunyanews.tv,Dunya News,3,3,0.0,40.594241,40.73761433333333,40.946993,178955540
2026-06-10T12:17:50+00:00,dunyanews.tv,Dunya News,3,3,0.0,40.660168,40.760977000000004,40.946594,178955540
2026-06-10T12:18:37+00:00,dunyanews.tv,Dunya News,3,3,0.0,40.504313,40.745242,40.875868,178955540
2026-06-10T12:19:46+00:00,dunyanews.tv,Dunya News,3,3,0.0,40.845787,40.93560866666667,41.031324,178955540
2026-06-10T12:20:45+00:00,dunyanews.tv,Dunya News,3,3,0.0,40.455911,40.67286466666666,41.068528,178955540
2026-06-10T12:21:43+00:00,dunyanews.tv,Dunya News,3,3,0.0,40.483194,40.716788666666666,40.915234,178955540
2026-06-10T10:37:03+00:00,hbl.com,HBL Bank,3,3,0.0,199.85259,202.05234199999998,206.27287,178955553
2026-06-10T10:38:03+00:00,hbl.com,HBL Bank,3,3,0.0,200.309112,202.90962166666668,208.025673,178955553
2026-06-10T10:39:06+00:00,hbl.com,HBL Bank,3,3,0.0,200.101333,200.38751966666666,200.665306,178955553
2026-06-10T10:40:09+00:00,hbl.com,HBL Bank,3,3,0.0,200.123175,200.37429166666666,200.512411,178955553
2026-06-10T10:41:08+00:00,hbl.com,HBL Bank,3,3,0.0,199.940038,200.19392833333333,200.662505,178955553
2026-06-10T10:41:57+00:00,hbl.com,HBL Bank,3,3,0.0,200.258201,200.451419,200.619995,178955553
2026-06-10T10:42:57+00:00,hbl.com,HBL Bank,3,3,0.0,199.896007,200.1505106666667,200.490382,178955553
2026-06-10T10:44:02+00:00,hbl.com,HBL Bank,3,3,0.0,200.234758,202.297539,206.152754,178955553
2026-06-10T10:44:57+00:00,hbl.com,HBL Bank,3,3,0.0,199.92393,199.99089600000002,200.049221,178955553
2026-06-10T10:46:01+00:00,hbl.com,HBL Bank,3,3,0.0,199.764628,199.82626033333335,199.939525,178955553
2026-06-10T10:47:08+00:00,hbl.com,HBL Bank,3,3,0.0,199.968967,200.13068866666666,200.266915,178955553
2026-06-10T10:48:05+00:00,hbl.com,HBL Bank,3,3,0.0,199.411635,199.86639766666667,200.253474,178955553
2026-06-10T10:49:04+00:00,hbl.com,HBL Bank,3,3,0.0,199.977048,200.16781233333333,200.289637,178955553
2026-06-10T10:50:11+00:00,hbl.com,HBL Bank,3,3,0.0,199.685317,200.00905433333332,200.314416,178955553
2026-06-10T10:51:06+00:00,hbl.com,HBL Bank,3,3,0.0,199.834611,200.24915633333333,200.509314,178955553
2026-06-10T10:52:00+00:00,hbl.com,HBL Bank,3,3,0.0,200.048552,200.1860846666667,200.340659,178955553
2026-06-10T10:53:09+00:00,hbl.com,HBL Bank,3,3,0.0,199.696199,202.57369466666668,207.414761,178955553
2026-06-10T10:54:09+00:00,hbl.com,HBL Bank,3,3,0.0,199.989506,200.10351666666668,200.204566,178955553
2026-06-10T10:55:00+00:00,hbl.com,HBL Bank,3,3,0.0,200.302336,200.36450133333332,200.419626,178955553
2026-06-10T10:56:01+00:00,hbl.com,HBL Bank,3,3,0.0,200.035381,201.44559133333334,203.130868,178955553
2026-06-10T10:57:02+00:00,hbl.com,HBL Bank,3,3,0.0,200.269324,200.46923633333333,200.768571,178955553
2026-06-10T10:58:02+00:00,hbl.com,HBL Bank,3,3,0.0,199.804643,200.102004,200.297249,178955553
2026-06-10T10:59:09+00:00,hbl.com,HBL Bank,3,3,0.0,199.222417,199.950378,200.54718,178955553
2026-06-10T11:00:02+00:00,hbl.com,HBL Bank,3,3,0.0,200.232192,200.90889500000003,202.129168,178955553
2026-06-10T11:01:01+00:00,hbl.com,HBL Bank,3,3,0.0,199.956969,201.35264433333336,203.7594,178955553
2026-06-10T11:01:59+00:00,hbl.com,HBL Bank,3,3,0.0,199.594777,200.123439,200.70832,178955553
2026-06-10T11:03:11+00:00,hbl.com,HBL Bank,3,3,0.0,200.116719,200.35122133333334,200.598445,178955553
2026-06-10T11:03:59+00:00,hbl.com,HBL Bank,3,3,0.0,200.044314,200.14840366666667,200.238332,178955553
2026-06-10T11:05:06+00:00,hbl.com,HBL Bank,3,3,0.0,199.946228,200.09320133333335,200.18225,178955553
2026-06-10T11:05:59+00:00,hbl.com,HBL Bank,3,3,0.0,199.676284,199.90067833333333,200.318984,178955553
2026-06-10T11:07:07+00:00,hbl.com,HBL Bank,3,3,0.0,199.873424,200.10939266666665,200.36483,178955553
2026-06-10T11:08:09+00:00,hbl.com,HBL Bank,3,3,0.0,199.876675,200.0070606666667,200.133499,178955553
2026-06-10T11:09:02+00:00,hbl.com,HBL Bank,3,3,0.0,200.13366,200.971898,201.781493,178955553
2026-06-10T11:10:04+00:00,hbl.com,HBL Bank,3,3,0.0,199.859637,200.05618866666669,200.194948,178955553
2026-06-10T11:11:07+00:00,hbl.com,HBL Bank,3,3,0.0,199.76259,200.152679,200.683154,178955553
2026-06-10T11:12:03+00:00,hbl.com,HBL Bank,3,3,0.0,200.099406,200.34526933333333,200.652258,178955553
2026-06-10T11:13:01+00:00,hbl.com,HBL Bank,3,3,0.0,200.188137,200.365273,200.621617,178955553
2026-06-10T11:13:57+00:00,hbl.com,HBL Bank,3,3,0.0,200.194938,200.304335,200.470564,178955553
2026-06-10T11:15:04+00:00,hbl.com,HBL Bank,3,3,0.0,200.029005,200.11293233333333,200.270787,178955553
2026-06-10T11:16:01+00:00,hbl.com,HBL Bank,3,3,0.0,200.02393,200.22613466666667,200.424926,178955553
2026-06-10T11:17:03+00:00,hbl.com,HBL Bank,3,3,0.0,200.189226,200.61353166666666,201.361654,178955553
2026-06-10T11:18:01+00:00,hbl.com,HBL Bank,3,3,0.0,199.745027,199.89144033333332,200.016812,178955553
2026-06-10T11:19:06+00:00,hbl.com,HBL Bank,3,3,0.0,200.034656,200.18618966666668,200.417891,178955553
2026-06-10T11:20:05+00:00,hbl.com,HBL Bank,3,3,0.0,200.140986,200.329537,200.656714,178955553
2026-06-10T11:20:59+00:00,hbl.com,HBL Bank,3,3,0.0,199.996443,200.06170233333333,200.17742,178955553
2026-06-10T11:22:07+00:00,hbl.com,HBL Bank,3,3,0.0,199.668122,199.830831,200.042158,178955553
2026-06-10T11:23:08+00:00,hbl.com,HBL Bank,3,3,0.0,199.882542,200.25081633333335,200.50596,178955553
2026-06-10T11:24:01+00:00,hbl.com,HBL Bank,3,3,0.0,199.946308,200.25761699999998,200.516521,178955553
2026-06-10T11:25:01+00:00,hbl.com,HBL Bank,3,3,0.0,199.772721,199.955031,200.052347,178955553
2026-06-10T11:26:01+00:00,hbl.com,HBL Bank,3,3,0.0,199.693753,200.12974033333333,200.555753,178955553
2026-06-10T11:27:07+00:00,hbl.com,HBL Bank,3,3,0.0,200.219962,200.39299100000002,200.591436,178955553
2026-06-10T11:28:08+00:00,hbl.com,HBL Bank,3,3,0.0,199.882331,200.17566466666668,200.370456,178955553
2026-06-10T11:29:05+00:00,hbl.com,HBL Bank,3,3,0.0,199.51171,199.9490033333333,200.297862,178955553
2026-06-10T11:30:06+00:00,hbl.com,HBL Bank,3,3,0.0,199.925268,200.138434,200.463477,178955553
2026-06-10T11:31:01+00:00,hbl.com,HBL Bank,3,3,0.0,200.000875,202.288286,206.110159,178955553
2026-06-10T11:32:05+00:00,hbl.com,HBL Bank,3,3,0.0,199.880463,200.13419366666665,200.456837,178955553
2026-06-10T11:33:05+00:00,hbl.com,HBL Bank,3,3,0.0,200.09588,200.574899,201.334198,178955553
2026-06-10T11:34:06+00:00,hbl.com,HBL Bank,3,3,0.0,200.234853,200.49567733333333,200.641851,178955553
2026-06-10T11:35:05+00:00,hbl.com,HBL Bank,3,3,0.0,200.20253,200.33827566666665,200.457353,178955553
2026-06-10T11:35:57+00:00,hbl.com,HBL Bank,3,3,0.0,199.990271,200.12254933333335,200.236213,178955553
2026-06-10T11:37:01+00:00,hbl.com,HBL Bank,3,3,0.0,200.283097,201.42277566666667,203.512515,178955553
2026-06-10T11:38:08+00:00,hbl.com,HBL Bank,3,3,0.0,199.687681,199.95541266666666,200.452072,178955553
2026-06-10T11:39:10+00:00,hbl.com,HBL Bank,3,3,0.0,200.253893,200.34947566666665,200.438791,178955553
2026-06-10T11:39:59+00:00,hbl.com,HBL Bank,3,3,0.0,200.081957,200.16407166666667,200.292137,178955553
2026-06-10T11:41:03+00:00,hbl.com,HBL Bank,3,3,0.0,200.128522,201.303057,203.628365,178955553
2026-06-10T11:42:03+00:00,hbl.com,HBL Bank,3,3,0.0,200.161503,200.28874133333332,200.536178,178955553
2026-06-10T11:43:03+00:00,hbl.com,HBL Bank,3,3,0.0,199.973245,200.23518933333332,200.543378,178955553
2026-06-10T11:43:57+00:00,hbl.com,HBL Bank,3,3,0.0,200.147662,200.25796533333335,200.319197,178955553
2026-06-10T11:45:08+00:00,hbl.com,HBL Bank,3,3,0.0,199.796109,200.200866,200.632746,178955553
2026-06-10T11:46:03+00:00,hbl.com,HBL Bank,3,3,0.0,200.540915,201.68499433333332,203.956511,178955553
2026-06-10T11:47:11+00:00,hbl.com,HBL Bank,3,3,0.0,200.020387,200.2129646666667,200.427064,178955553
2026-06-10T11:47:57+00:00,hbl.com,HBL Bank,3,3,0.0,199.778125,200.1356513333333,200.493551,178955553
2026-06-10T11:48:57+00:00,hbl.com,HBL Bank,3,3,0.0,200.05463,200.11980933333334,200.184722,178955553
2026-06-10T11:50:01+00:00,hbl.com,HBL Bank,3,3,0.0,199.9511,200.64548466666668,201.774709,178955553
2026-06-10T11:51:05+00:00,hbl.com,HBL Bank,3,3,0.0,200.109868,200.42184366666666,200.825534,178955553
2026-06-10T11:52:07+00:00,hbl.com,HBL Bank,3,3,0.0,199.824161,202.242385,206.523341,178955553
2026-06-10T11:53:01+00:00,hbl.com,HBL Bank,3,3,0.0,200.262762,201.40249400000002,203.613312,178955553
2026-06-10T11:54:11+00:00,hbl.com,HBL Bank,3,3,0.0,200.115708,200.22611833333335,200.332048,178955553
2026-06-10T11:55:09+00:00,hbl.com,HBL Bank,3,3,0.0,199.983686,200.10143000000002,200.220508,178955553
2026-06-10T11:56:03+00:00,hbl.com,HBL Bank,3,3,0.0,199.750784,200.96636366666667,202.775385,178955553
2026-06-10T11:56:59+00:00,hbl.com,HBL Bank,3,3,0.0,199.951203,200.2400563333333,200.524376,178955553
2026-06-10T11:58:07+00:00,hbl.com,HBL Bank,3,3,0.0,200.170422,201.457582,203.749875,178955553
2026-06-10T11:58:57+00:00,hbl.com,HBL Bank,3,3,0.0,199.927269,200.17707900000002,200.390272,178955553
2026-06-10T12:00:08+00:00,hbl.com,HBL Bank,3,3,0.0,200.035518,200.166304,200.362269,178955553
2026-06-10T12:01:05+00:00,hbl.com,HBL Bank,3,3,0.0,201.66935,202.02175633333334,202.41934,178955553
2026-06-10T12:02:05+00:00,hbl.com,HBL Bank,3,3,0.0,199.822378,200.01476933333333,200.138328,178955553
2026-06-10T12:03:08+00:00,hbl.com,HBL Bank,3,3,0.0,199.884544,200.16243633333337,200.335306,178955553
2026-06-10T12:04:03+00:00,hbl.com,HBL Bank,3,3,0.0,201.489786,201.648094,201.794214,178955553
2026-06-10T12:04:59+00:00,hbl.com,HBL Bank,3,3,0.0,199.622093,200.03253099999998,200.352321,178955553
2026-06-10T12:06:03+00:00,hbl.com,HBL Bank,3,3,0.0,200.196215,201.63334333333333,204.252619,178955553
2026-06-10T12:07:10+00:00,hbl.com,HBL Bank,3,3,0.0,199.864354,199.97399166666665,200.179105,178955553
2026-06-10T12:08:05+00:00,hbl.com,HBL Bank,3,3,0.0,200.09131,200.35722833333332,200.611999,178955553
2026-06-10T12:09:03+00:00,hbl.com,HBL Bank,3,3,0.0,199.493803,200.068656,200.478454,178955553
2026-06-10T12:10:04+00:00,hbl.com,HBL Bank,3,3,0.0,199.948591,200.2110153333333,200.36951,178955553
2026-06-10T12:10:58+00:00,hbl.com,HBL Bank,3,3,0.0,200.078763,201.30463699999999,203.664937,178955553
2026-06-10T12:12:03+00:00,hbl.com,HBL Bank,3,3,0.0,200.060655,200.144236,200.233071,178955553
2026-06-10T12:13:07+00:00,hbl.com,HBL Bank,3,3,0.0,200.207002,200.37032333333332,200.693286,178955553
2026-06-10T12:13:59+00:00,hbl.com,HBL Bank,3,3,0.0,199.988563,200.163913,200.48933,178955553
2026-06-10T12:15:11+00:00,hbl.com,HBL Bank,3,3,0.0,199.561344,199.95895399999998,200.340136,178955553
2026-06-10T12:16:01+00:00,hbl.com,HBL Bank,3,3,0.0,199.956734,201.20338233333334,203.16751,178955553
2026-06-10T12:17:02+00:00,hbl.com,HBL Bank,3,3,0.0,199.886761,200.26255533333335,200.646831,178955553
2026-06-10T12:18:09+00:00,hbl.com,HBL Bank,3,3,0.0,199.99901,200.12283566666667,200.288478,178955553
2026-06-10T12:19:02+00:00,hbl.com,HBL Bank,3,3,0.0,200.055428,201.9165876666667,205.609304,178955553
2026-06-10T12:20:00+00:00,hbl.com,HBL Bank,3,3,0.0,200.226404,200.39820733333332,200.676447,178955553
2026-06-10T12:21:06+00:00,hbl.com,HBL Bank,3,3,0.0,199.797005,199.92621666666665,200.128715,178955553
2026-06-10T12:22:07+00:00,hbl.com,HBL Bank,3,3,0.0,200.037267,200.21605666666667,200.457386,178955553
2026-06-10T10:38:14+00:00,mcb.com.pk,MCB Bank,3,3,0.0,131.446999,134.23187266666665,139.514233,178956530
2026-06-10T10:39:24+00:00,mcb.com.pk,MCB Bank,3,3,0.0,131.2301,131.60554766666667,132.108421,178956530
2026-06-10T10:40:14+00:00,mcb.com.pk,MCB Bank,3,3,0.0,131.063923,131.20116299999998,131.276023,178956530
2026-06-10T10:41:27+00:00,mcb.com.pk,MCB Bank,3,3,0.0,131.40519,131.479064,131.523202,178956530
2026-06-10T10:42:13+00:00,mcb.com.pk,MCB Bank,3,3,0.0,131.225013,131.44180733333334,131.661375,178956530
2026-06-10T10:43:24+00:00,mcb.com.pk,MCB Bank,3,3,0.0,131.134765,131.63355866666666,132.087175,178956530
2026-06-10T10:44:23+00:00,mcb.com.pk,MCB Bank,3,3,0.0,130.958349,131.339158,131.806588,178956530
2026-06-10T10:45:18+00:00,mcb.com.pk,MCB Bank,3,3,0.0,131.145486,131.316729,131.539444,178956530
2026-06-10T10:46:26+00:00,mcb.com.pk,MCB Bank,3,3,0.0,130.989227,131.28146766666669,131.511596,178956530
2026-06-10T10:47:23+00:00,mcb.com.pk,MCB Bank,3,3,0.0,130.851214,131.17124399999997,131.459591,178956530
2026-06-10T10:48:22+00:00,mcb.com.pk,MCB Bank,3,3,0.0,130.721762,131.139001,131.514476,178956530
2026-06-10T10:49:13+00:00,mcb.com.pk,MCB Bank,3,3,0.0,131.188606,131.28157466666667,131.328299,178956530
2026-06-10T10:50:25+00:00,mcb.com.pk,MCB Bank,3,3,0.0,131.200672,131.31137533333333,131.380048,178956530
2026-06-10T10:51:17+00:00,mcb.com.pk,MCB Bank,3,3,0.0,130.930006,131.173789,131.301561,178956530
2026-06-10T10:52:23+00:00,mcb.com.pk,MCB Bank,3,3,0.0,131.247396,131.434347,131.564306,178956530
2026-06-10T10:53:23+00:00,mcb.com.pk,MCB Bank,3,3,0.0,131.217234,131.42007933333332,131.626392,178956530
2026-06-10T10:54:22+00:00,mcb.com.pk,MCB Bank,3,3,0.0,131.377249,131.45250866666666,131.533423,178956530
2026-06-10T10:55:27+00:00,mcb.com.pk,MCB Bank,3,3,0.0,131.285474,131.54464466666667,131.702472,178956530
2026-06-10T10:56:26+00:00,mcb.com.pk,MCB Bank,3,3,0.0,131.212109,131.458478,131.87585,178956530
2026-06-10T10:57:23+00:00,mcb.com.pk,MCB Bank,3,3,0.0,130.607014,131.175733,131.465173,178956530
2026-06-10T10:58:15+00:00,mcb.com.pk,MCB Bank,3,3,0.0,131.326762,131.557423,131.708717,178956530
2026-06-10T10:59:19+00:00,mcb.com.pk,MCB Bank,3,3,0.0,131.030513,131.31384633333334,131.543921,178956530
2026-06-10T11:00:13+00:00,mcb.com.pk,MCB Bank,3,3,0.0,130.98043,131.34859733333334,131.585366,178956530
2026-06-10T11:01:22+00:00,mcb.com.pk,MCB Bank,3,3,0.0,131.091962,131.28715333333332,131.540804,178956530
2026-06-10T11:02:20+00:00,mcb.com.pk,MCB Bank,3,3,0.0,130.815297,131.08118833333333,131.355027,178956530
2026-06-10T11:03:21+00:00,mcb.com.pk,MCB Bank,3,3,0.0,131.24788,131.311886,131.386853,178956530
2026-06-10T11:04:13+00:00,mcb.com.pk,MCB Bank,3,3,0.0,130.918091,131.13221733333333,131.516306,178956530
2026-06-10T11:05:21+00:00,mcb.com.pk,MCB Bank,3,3,0.0,130.946254,131.251456,131.693124,178956530
2026-06-10T11:06:21+00:00,mcb.com.pk,MCB Bank,3,3,0.0,130.917374,131.111498,131.431421,178956530
2026-06-10T11:07:20+00:00,mcb.com.pk,MCB Bank,3,3,0.0,131.08153,131.519863,131.899284,178956530
2026-06-10T11:08:16+00:00,mcb.com.pk,MCB Bank,3,3,0.0,131.07577,131.17972633333332,131.367797,178956530
2026-06-10T11:09:27+00:00,mcb.com.pk,MCB Bank,3,3,0.0,130.984963,131.25760133333333,131.414683,178956530
2026-06-10T11:10:18+00:00,mcb.com.pk,MCB Bank,3,3,0.0,131.221226,131.30507366666666,131.357959,178956530
2026-06-10T11:11:15+00:00,mcb.com.pk,MCB Bank,3,3,0.0,130.988245,131.29133933333333,131.663827,178956530
2026-06-10T11:12:16+00:00,mcb.com.pk,MCB Bank,3,3,0.0,131.007998,131.23087166666667,131.501323,178956530
2026-06-10T11:13:18+00:00,mcb.com.pk,MCB Bank,3,3,0.0,131.098887,131.29042466666667,131.501884,178956530
2026-06-10T11:14:26+00:00,mcb.com.pk,MCB Bank,3,3,0.0,130.886709,131.14230566666666,131.387555,178956530
2026-06-10T11:15:13+00:00,mcb.com.pk,MCB Bank,3,3,0.0,130.46987,131.12347733333334,131.520688,178956530
2026-06-10T11:16:20+00:00,mcb.com.pk,MCB Bank,3,3,0.0,130.973494,131.02048566666667,131.051742,178956530
2026-06-10T11:17:27+00:00,mcb.com.pk,MCB Bank,3,3,0.0,131.01598,131.27552366666666,131.509145,178956530
2026-06-10T11:18:27+00:00,mcb.com.pk,MCB Bank,3,3,0.0,130.975817,131.112443,131.352972,178956530
2026-06-10T11:19:19+00:00,mcb.com.pk,MCB Bank,3,3,0.0,130.858287,131.136766,131.628518,178956530
2026-06-10T11:20:16+00:00,mcb.com.pk,MCB Bank,3,3,0.0,131.269305,131.53594233333334,131.883601,178956530
2026-06-10T11:21:17+00:00,mcb.com.pk,MCB Bank,3,3,0.0,128.71843,128.89569966666667,129.163991,178956530
2026-06-10T11:22:20+00:00,mcb.com.pk,MCB Bank,3,3,0.0,128.590569,129.05885233333333,129.315436,178956530
2026-06-10T11:23:21+00:00,mcb.com.pk,MCB Bank,3,3,0.0,128.968843,129.05146466666667,129.116298,178956530
2026-06-10T11:24:16+00:00,mcb.com.pk,MCB Bank,3,3,0.0,129.047331,129.14235299999999,129.219747,178956530
2026-06-10T11:25:15+00:00,mcb.com.pk,MCB Bank,3,3,0.0,128.999266,129.143972,129.424984,178956530
2026-06-10T11:26:27+00:00,mcb.com.pk,MCB Bank,3,3,0.0,129.123597,129.22371266666667,129.301533,178956530
2026-06-10T11:27:14+00:00,mcb.com.pk,MCB Bank,3,3,0.0,129.125196,129.26382266666667,129.451067,178956530
2026-06-10T11:28:24+00:00,mcb.com.pk,MCB Bank,3,3,0.0,128.709958,129.09620700000002,129.444106,178956530
2026-06-10T11:29:17+00:00,mcb.com.pk,MCB Bank,3,3,0.0,128.597879,129.006077,129.387552,178956530
2026-06-10T11:30:24+00:00,mcb.com.pk,MCB Bank,3,3,0.0,129.186654,129.2864493333333,129.4814,178956530
2026-06-10T11:31:24+00:00,mcb.com.pk,MCB Bank,3,3,0.0,128.963593,129.238685,129.462279,178956530
2026-06-10T11:32:18+00:00,mcb.com.pk,MCB Bank,3,3,0.0,128.547954,128.964499,129.306344,178956530
2026-06-10T11:33:19+00:00,mcb.com.pk,MCB Bank,3,3,0.0,128.664978,128.86862333333332,129.000609,178956530
2026-06-10T11:34:21+00:00,mcb.com.pk,MCB Bank,3,3,0.0,129.100137,129.24063066666668,129.399526,178956530
2026-06-10T11:35:23+00:00,mcb.com.pk,MCB Bank,3,3,0.0,128.826672,129.05328,129.219909,178956530
2026-06-10T11:36:25+00:00,mcb.com.pk,MCB Bank,3,3,0.0,129.055973,129.197373,129.475532,178956530
2026-06-10T11:37:18+00:00,mcb.com.pk,MCB Bank,3,3,0.0,128.80299,129.06298700000002,129.199026,178956530
2026-06-10T11:38:14+00:00,mcb.com.pk,MCB Bank,3,3,0.0,129.13534,129.43430066666667,129.660028,178956530
2026-06-10T11:39:26+00:00,mcb.com.pk,MCB Bank,3,3,0.0,128.81003,128.95641666666668,129.150381,178956530
2026-06-10T11:40:19+00:00,mcb.com.pk,MCB Bank,3,3,0.0,128.81459,128.8657946666667,128.960283,178956530
2026-06-10T11:41:25+00:00,mcb.com.pk,MCB Bank,3,3,0.0,128.827471,128.95108266666668,129.077735,178956530
2026-06-10T11:42:18+00:00,mcb.com.pk,MCB Bank,3,3,0.0,128.802201,129.000539,129.219679,178956530
2026-06-10T11:43:13+00:00,mcb.com.pk,MCB Bank,3,3,0.0,129.060625,129.22378633333332,129.422898,178956530
2026-06-10T11:44:25+00:00,mcb.com.pk,MCB Bank,3,3,0.0,129.197917,129.21237166666666,129.22584,178956530
2026-06-10T11:45:19+00:00,mcb.com.pk,MCB Bank,3,3,0.0,129.003899,129.17292833333335,129.348011,178956530
2026-06-10T11:46:13+00:00,mcb.com.pk,MCB Bank,3,3,0.0,128.849977,129.075064,129.332661,178956530
2026-06-10T11:47:17+00:00,mcb.com.pk,MCB Bank,3,3,0.0,128.855817,129.00431066666667,129.270255,178956530
2026-06-10T11:48:21+00:00,mcb.com.pk,MCB Bank,3,3,0.0,128.89966,129.24947933333337,129.64757,178956530
2026-06-10T11:49:15+00:00,mcb.com.pk,MCB Bank,3,3,0.0,128.516426,128.81362633333333,129.230571,178956530
2026-06-10T11:50:27+00:00,mcb.com.pk,MCB Bank,3,3,0.0,129.276517,129.38439366666668,129.471975,178956530
2026-06-10T11:51:19+00:00,mcb.com.pk,MCB Bank,3,3,0.0,129.043295,129.115755,129.158586,178956530
2026-06-10T11:52:23+00:00,mcb.com.pk,MCB Bank,3,3,0.0,129.0933,129.38674066666667,129.714798,178956530
2026-06-10T11:53:22+00:00,mcb.com.pk,MCB Bank,3,3,0.0,128.612535,129.02985366666667,129.477175,178956530
2026-06-10T11:54:19+00:00,mcb.com.pk,MCB Bank,3,3,0.0,128.844476,129.04214766666666,129.385406,178956530
2026-06-10T11:55:21+00:00,mcb.com.pk,MCB Bank,3,3,0.0,128.973573,129.17935233333333,129.461299,178956530
2026-06-10T11:56:25+00:00,mcb.com.pk,MCB Bank,3,3,0.0,128.734911,129.20703533333332,129.837334,178956530
2026-06-10T11:57:17+00:00,mcb.com.pk,MCB Bank,3,3,0.0,128.766194,129.11710666666667,129.446337,178956530
2026-06-10T11:58:20+00:00,mcb.com.pk,MCB Bank,3,3,0.0,128.949971,129.144069,129.356489,178956530
2026-06-10T11:59:19+00:00,mcb.com.pk,MCB Bank,3,3,0.0,128.69226,128.960418,129.106378,178956530
2026-06-10T12:00:25+00:00,mcb.com.pk,MCB Bank,3,3,0.0,129.245431,129.310637,129.408246,178956530
2026-06-10T12:01:23+00:00,mcb.com.pk,MCB Bank,3,3,0.0,128.623294,128.953964,129.141421,178956530
2026-06-10T12:02:22+00:00,mcb.com.pk,MCB Bank,3,3,0.0,128.611132,128.99002033333332,129.208867,178956530
2026-06-10T12:03:26+00:00,mcb.com.pk,MCB Bank,3,3,0.0,128.645118,128.964934,129.168926,178956530
2026-06-10T12:04:14+00:00,mcb.com.pk,MCB Bank,3,3,0.0,128.605914,128.93538466666666,129.3167,178956530
2026-06-10T12:05:27+00:00,mcb.com.pk,MCB Bank,3,3,0.0,128.914102,129.024539,129.091639,178956530
2026-06-10T12:06:17+00:00,mcb.com.pk,MCB Bank,3,3,0.0,128.747314,128.969305,129.237833,178956530
2026-06-10T12:07:21+00:00,mcb.com.pk,MCB Bank,3,3,0.0,129.255079,129.65610433333333,130.336063,178956530
2026-06-10T12:08:27+00:00,mcb.com.pk,MCB Bank,3,3,0.0,128.883951,129.04153933333333,129.242385,178956530
2026-06-10T12:09:27+00:00,mcb.com.pk,MCB Bank,3,3,0.0,128.963282,129.17906200000002,129.336837,178956530
2026-06-10T12:10:19+00:00,mcb.com.pk,MCB Bank,3,3,0.0,128.916466,129.03050333333337,129.112964,178956530
2026-06-10T12:11:20+00:00,mcb.com.pk,MCB Bank,3,3,0.0,129.040936,129.19063,129.484737,178956530
2026-06-10T12:12:25+00:00,mcb.com.pk,MCB Bank,3,3,0.0,128.891181,129.18747499999998,129.364665,178956530
2026-06-10T12:13:25+00:00,mcb.com.pk,MCB Bank,3,3,0.0,129.258986,129.33542,129.40108,178956530
2026-06-10T12:14:13+00:00,mcb.com.pk,MCB Bank,3,3,0.0,128.86623,129.06360833333335,129.261627,178956530
2026-06-10T12:15:15+00:00,mcb.com.pk,MCB Bank,3,3,0.0,128.777143,128.824801,128.914036,178956530
2026-06-10T12:16:16+00:00,mcb.com.pk,MCB Bank,3,3,0.0,128.994439,129.17504233333332,129.393836,178956530
2026-06-10T12:17:17+00:00,mcb.com.pk,MCB Bank,3,3,0.0,129.0814,129.31606166666666,129.550003,178956530
2026-06-10T12:18:22+00:00,mcb.com.pk,MCB Bank,3,3,0.0,129.066518,129.22442633333333,129.529522,178956530
2026-06-10T12:19:13+00:00,mcb.com.pk,MCB Bank,3,3,0.0,128.950196,129.14610766666667,129.260065,178956530
2026-06-10T12:20:26+00:00,mcb.com.pk,MCB Bank,3,3,0.0,129.150934,129.180964,129.235663,178956530
2026-06-10T12:21:16+00:00,mcb.com.pk,MCB Bank,3,3,0.0,128.894991,129.221501,129.713066,178956530
2026-06-10T12:22:21+00:00,mcb.com.pk,MCB Bank,3,3,0.0,129.002121,129.13744,129.283427,178956530
2026-06-10T10:39:15+00:00,pseb.org.pk,PSEB,3,3,0.0,23.01191,23.184326,23.451551,178957057
2026-06-10T10:40:20+00:00,pseb.org.pk,PSEB,3,3,0.0,23.203527,23.540119,23.955438,178957057
2026-06-10T10:41:13+00:00,pseb.org.pk,PSEB,3,3,0.0,23.249612,23.331486333333334,23.454271,178957057
2026-06-10T10:42:10+00:00,pseb.org.pk,PSEB,3,3,0.0,23.421234,23.674298000000004,23.854475,178957057
2026-06-10T10:43:19+00:00,pseb.org.pk,PSEB,3,3,0.0,23.319145,23.456144,23.690379,178957057
2026-06-10T10:44:14+00:00,pseb.org.pk,PSEB,3,3,0.0,23.37739,23.497028,23.607012,178957057
2026-06-10T10:45:09+00:00,pseb.org.pk,PSEB,3,3,0.0,23.096084,23.27748766666667,23.543166,178957057
2026-06-10T10:46:23+00:00,pseb.org.pk,PSEB,3,3,0.0,22.779013,23.137846999999997,23.404752,178957057
2026-06-10T10:47:16+00:00,pseb.org.pk,PSEB,3,3,0.0,23.134247,23.259058666666665,23.404832,178957057
2026-06-10T10:48:17+00:00,pseb.org.pk,PSEB,3,3,0.0,23.06272,23.256364333333334,23.381629,178957057
2026-06-10T10:49:12+00:00,pseb.org.pk,PSEB,3,3,0.0,23.28058,23.335812,23.423953,178957057
2026-06-10T10:50:10+00:00,pseb.org.pk,PSEB,3,3,0.0,23.024154,23.32010133333333,23.691656,178957057
2026-06-10T10:51:13+00:00,pseb.org.pk,PSEB,3,3,0.0,23.168647,23.31404733333333,23.395868,178957057
2026-06-10T10:52:09+00:00,pseb.org.pk,PSEB,3,3,0.0,23.41355,23.510625666666666,23.562524,178957057
2026-06-10T10:53:17+00:00,pseb.org.pk,PSEB,3,3,0.0,22.404335,23.046449,23.555564,178957057
2026-06-10T10:54:10+00:00,pseb.org.pk,PSEB,3,3,0.0,22.948946,23.090159666666665,23.30514,178957057
2026-06-10T10:55:13+00:00,pseb.org.pk,PSEB,3,3,0.0,23.311605,23.450658,23.712282,178957057
2026-06-10T10:56:19+00:00,pseb.org.pk,PSEB,3,3,0.0,23.031339,23.246452666666666,23.436337,178957057
2026-06-10T10:57:18+00:00,pseb.org.pk,PSEB,3,3,0.0,22.806679,23.363023999999996,23.722924,178957057
2026-06-10T10:58:10+00:00,pseb.org.pk,PSEB,3,3,0.0,22.986775,23.221703666666667,23.377932,178957057
2026-06-10T10:59:13+00:00,pseb.org.pk,PSEB,3,3,0.0,23.04237,23.297807333333335,23.723554,178957057
2026-06-10T11:00:14+00:00,pseb.org.pk,PSEB,3,3,0.0,23.14806,23.22809433333333,23.274232,178957057
2026-06-10T11:01:15+00:00,pseb.org.pk,PSEB,3,3,0.0,23.14662,23.333570999999996,23.553298,178957057
2026-06-10T11:02:13+00:00,pseb.org.pk,PSEB,3,3,0.0,23.287513,23.363467333333332,23.439208,178957057
2026-06-10T11:03:12+00:00,pseb.org.pk,PSEB,3,3,0.0,23.17614,23.33810166666667,23.584658,178957057
2026-06-10T11:04:16+00:00,pseb.org.pk,PSEB,3,3,0.0,23.293992,23.393120666666665,23.483129,178957057
2026-06-10T11:05:15+00:00,pseb.org.pk,PSEB,3,3,0.0,23.295832,23.586925666666662,23.802039,178957057
2026-06-10T11:06:11+00:00,pseb.org.pk,PSEB,3,3,0.0,23.336956,23.433418,23.512652,178957057
2026-06-10T11:07:15+00:00,pseb.org.pk,PSEB,3,3,0.0,23.003882,23.269426,23.444722,178957057
2026-06-10T11:08:14+00:00,pseb.org.pk,PSEB,3,3,0.0,23.251825,23.38402333333333,23.458563,178957057
2026-06-10T11:09:18+00:00,pseb.org.pk,PSEB,3,3,0.0,22.976359,23.258865333333333,23.491287,178957057
2026-06-10T11:10:22+00:00,pseb.org.pk,PSEB,3,3,0.0,23.237264,23.4851,23.694186,178957057
2026-06-10T11:11:09+00:00,pseb.org.pk,PSEB,3,3,0.0,23.106932,23.19782033333333,23.257826,178957057
2026-06-10T11:12:19+00:00,pseb.org.pk,PSEB,3,3,0.0,23.115651,23.370661000000002,23.626978,178957057
2026-06-10T11:13:10+00:00,pseb.org.pk,PSEB,3,3,0.0,23.278946,23.387329333333337,23.582974,178957057
2026-06-10T11:14:20+00:00,pseb.org.pk,PSEB,3,3,0.0,23.31783,23.456749333333335,23.636019,178957057
2026-06-10T11:15:16+00:00,pseb.org.pk,PSEB,3,3,0.0,22.913073,23.209500333333335,23.544011,178957057
2026-06-10T11:16:10+00:00,pseb.org.pk,PSEB,3,3,0.0,23.374631,23.481894333333333,23.539446,178957057
2026-06-10T11:17:09+00:00,pseb.org.pk,PSEB,3,3,0.0,23.189734,23.351029,23.432397,178957057
2026-06-10T11:18:23+00:00,pseb.org.pk,PSEB,3,3,0.0,23.206216,23.316012999999998,23.526406,178957057
2026-06-10T11:19:20+00:00,pseb.org.pk,PSEB,3,3,0.0,23.196216,23.299345333333335,23.392154,178957057
2026-06-10T11:20:17+00:00,pseb.org.pk,PSEB,3,3,0.0,23.241903,23.37460866666667,23.619378,178957057
2026-06-10T11:21:15+00:00,pseb.org.pk,PSEB,3,3,0.0,23.150775,23.410558999999996,23.692825,178957057
2026-06-10T11:22:16+00:00,pseb.org.pk,PSEB,3,3,0.0,22.817396,23.013415,23.354567,178957057
2026-06-10T11:23:22+00:00,pseb.org.pk,PSEB,3,3,0.0,22.893324,23.160921666666667,23.371368,178957057
2026-06-10T11:24:16+00:00,pseb.org.pk,PSEB,3,3,0.0,22.935727,23.059498666666666,23.254637,178957057
2026-06-10T11:25:11+00:00,pseb.org.pk,PSEB,3,3,0.0,23.010058,23.31856666666667,23.590912,178957057
2026-06-10T11:26:12+00:00,pseb.org.pk,PSEB,3,3,0.0,23.193915,23.400574333333335,23.707323,178957057
2026-06-10T11:27:12+00:00,pseb.org.pk,PSEB,3,3,0.0,23.069103,23.31926,23.519065,178957057
2026-06-10T11:28:12+00:00,pseb.org.pk,PSEB,3,3,0.0,23.421536,23.519305333333335,23.591312,178957057
2026-06-10T11:29:18+00:00,pseb.org.pk,PSEB,3,3,0.0,23.190222,23.29015133333333,23.478168,178957057
2026-06-10T11:30:21+00:00,pseb.org.pk,PSEB,3,3,0.0,23.05357,23.194382666666666,23.456887,178957057
2026-06-10T11:31:12+00:00,pseb.org.pk,PSEB,3,3,0.0,23.1607,23.316980666666666,23.526413,178957057
2026-06-10T11:32:15+00:00,pseb.org.pk,PSEB,3,3,0.0,23.320075,26.33902,31.93671,178957057
2026-06-10T11:33:09+00:00,pseb.org.pk,PSEB,3,3,0.0,23.241902,23.506006333333332,23.744108,178957057
2026-06-10T11:34:11+00:00,pseb.org.pk,PSEB,3,3,0.0,22.983558,23.2914,23.446081,178957057
2026-06-10T11:35:21+00:00,pseb.org.pk,PSEB,3,3,0.0,23.239422,23.371247,23.536809,178957057
2026-06-10T11:36:09+00:00,pseb.org.pk,PSEB,3,3,0.0,23.267265,23.339538,23.404797,178957057
2026-06-10T11:37:14+00:00,pseb.org.pk,PSEB,3,3,0.0,23.11709,23.29684,23.518247,178957057
2026-06-10T11:38:22+00:00,pseb.org.pk,PSEB,3,3,0.0,23.4368,23.558544,23.694183,178957057
2026-06-10T11:39:18+00:00,pseb.org.pk,PSEB,3,3,0.0,23.328869,23.498858666666667,23.663301,178957057
2026-06-10T11:40:20+00:00,pseb.org.pk,PSEB,3,3,0.0,23.22358,23.327776,23.404556,178957057
2026-06-10T11:41:13+00:00,pseb.org.pk,PSEB,3,3,0.0,23.390395,23.479497,23.634178,178957057
2026-06-10T11:42:18+00:00,pseb.org.pk,PSEB,3,3,0.0,23.143734,23.658235,24.495059,178957057
2026-06-10T11:43:20+00:00,pseb.org.pk,PSEB,3,3,0.0,23.109812,23.350634,23.63202,178957057
2026-06-10T11:44:23+00:00,pseb.org.pk,PSEB,3,3,0.0,22.9886,23.251078000000003,23.609218,178957057
2026-06-10T11:45:17+00:00,pseb.org.pk,PSEB,3,3,0.0,23.143734,23.273773333333335,23.494808,178957057
2026-06-10T11:46:22+00:00,pseb.org.pk,PSEB,3,3,0.0,22.997643,23.21782333333333,23.365837,178957057
2026-06-10T11:47:21+00:00,pseb.org.pk,PSEB,3,3,0.0,23.329194,23.391733333333335,23.451046,178957057
2026-06-10T11:48:17+00:00,pseb.org.pk,PSEB,3,3,0.0,22.96524,23.505476666666667,24.106465,178957057
2026-06-10T11:49:16+00:00,pseb.org.pk,PSEB,3,3,0.0,22.974601,23.221664000000004,23.670746,178957057
2026-06-10T11:50:19+00:00,pseb.org.pk,PSEB,3,3,0.0,23.407365,23.593541,23.905167,178957057
2026-06-10T11:51:16+00:00,pseb.org.pk,PSEB,3,3,0.0,23.193426,23.288421,23.429527,178957057
2026-06-10T11:52:19+00:00,pseb.org.pk,PSEB,3,3,0.0,23.588822,30.155642333333333,35.292544,178957057
2026-06-10T11:53:11+00:00,pseb.org.pk,PSEB,3,3,0.0,22.868435,25.02484766666667,27.36085,178957057
2026-06-10T11:54:13+00:00,pseb.org.pk,PSEB,3,3,0.0,23.093016,23.165342666666664,23.300395,178957057
2026-06-10T11:55:22+00:00,pseb.org.pk,PSEB,3,3,0.0,22.790196,23.204314666666665,23.516104,178957057
2026-06-10T11:56:14+00:00,pseb.org.pk,PSEB,3,3,0.0,23.283521,23.371796,23.513863,178957057
2026-06-10T11:57:22+00:00,pseb.org.pk,PSEB,3,3,0.0,23.209195,23.449056666666667,23.668837,178957057
2026-06-10T11:58:16+00:00,pseb.org.pk,PSEB,3,3,0.0,23.127827,23.32171166666667,23.680839,178957057
2026-06-10T11:59:18+00:00,pseb.org.pk,PSEB,3,3,0.0,23.28168,23.39043666666667,23.49754,178957057
2026-06-10T12:00:17+00:00,pseb.org.pk,PSEB,3,3,0.0,23.193432,23.264612,23.341206,178957057
2026-06-10T12:01:09+00:00,pseb.org.pk,PSEB,3,3,0.0,23.135426,23.389103333333335,23.803089,178957057
2026-06-10T12:02:12+00:00,pseb.org.pk,PSEB,3,3,0.0,23.201833,23.336138333333334,23.490899,178957057
2026-06-10T12:03:19+00:00,pseb.org.pk,PSEB,3,3,0.0,22.809873,23.120542,23.376726,178957057
2026-06-10T12:04:19+00:00,pseb.org.pk,PSEB,3,3,0.0,23.120621,23.301625,23.489776,178957057
2026-06-10T12:05:13+00:00,pseb.org.pk,PSEB,3,3,0.0,23.319521,23.453346333333332,23.536261,178957057
2026-06-10T12:06:09+00:00,pseb.org.pk,PSEB,3,3,0.0,23.065361,23.287512000000003,23.447231,178957057
2026-06-10T12:07:10+00:00,pseb.org.pk,PSEB,3,3,0.0,22.55401,23.014028,23.337766,178957057
2026-06-10T12:08:13+00:00,pseb.org.pk,PSEB,3,3,0.0,22.643126,23.130157,23.707063,178957057
2026-06-10T12:09:09+00:00,pseb.org.pk,PSEB,3,3,0.0,23.231908,23.359306333333336,23.528335,178957057
2026-06-10T12:10:19+00:00,pseb.org.pk,PSEB,3,3,0.0,22.972136,23.110068666666667,23.257522,178957057
2026-06-10T12:11:13+00:00,pseb.org.pk,PSEB,3,3,0.0,23.055288,23.274268666666668,23.623102,178957057
2026-06-10T12:12:12+00:00,pseb.org.pk,PSEB,3,3,0.0,23.120281,23.43232733333333,23.802718,178957057
2026-06-10T12:13:14+00:00,pseb.org.pk,PSEB,3,3,0.0,23.34038,23.442949666666667,23.500395,178957057
2026-06-10T12:14:15+00:00,pseb.org.pk,PSEB,3,3,0.0,23.395922,23.477796666666666,23.614983,178957057
2026-06-10T12:15:22+00:00,pseb.org.pk,PSEB,3,3,0.0,23.184456,23.306974,23.424638,178957057
2026-06-10T12:16:14+00:00,pseb.org.pk,PSEB,3,3,0.0,23.042922,23.181788333333333,23.333349,178957057
2026-06-10T12:17:18+00:00,pseb.org.pk,PSEB,3,3,0.0,22.725386,23.166893333333334,23.654032,178957057
2026-06-10T12:18:23+00:00,pseb.org.pk,PSEB,3,3,0.0,23.024854,23.192282333333335,23.322801,178957057
2026-06-10T12:19:11+00:00,pseb.org.pk,PSEB,3,3,0.0,23.124384,23.442947000000004,23.794846,178957057
2026-06-10T12:20:11+00:00,pseb.org.pk,PSEB,3,3,0.0,23.063018,23.277224666666665,23.40457,178957057
2026-06-10T12:21:19+00:00,pseb.org.pk,PSEB,3,3,0.0,23.177109,23.384808333333336,23.625071,178957057
2026-06-10T12:22:15+00:00,pseb.org.pk,PSEB,3,3,0.0,22.997252,23.15046633333333,23.274798,178957057
2026-06-10T10:37:57+00:00,ptcl.com.pk,PTCL,3,0,100.0,,,,178956552
2026-06-10T10:39:06+00:00,ptcl.com.pk,PTCL,3,0,100.0,,,,178956552
2026-06-10T10:40:09+00:00,ptcl.com.pk,PTCL,3,0,100.0,,,,178956552
2026-06-10T10:41:10+00:00,ptcl.com.pk,PTCL,3,0,100.0,,,,178956552
2026-06-10T10:42:08+00:00,ptcl.com.pk,PTCL,3,0,100.0,,,,178956552
2026-06-10T10:43:10+00:00,ptcl.com.pk,PTCL,3,0,100.0,,,,178956552
2026-06-10T10:44:11+00:00,ptcl.com.pk,PTCL,3,0,100.0,,,,178956552
2026-06-10T10:45:00+00:00,ptcl.com.pk,PTCL,3,0,100.0,,,,178956552
2026-06-10T10:46:07+00:00,ptcl.com.pk,PTCL,3,0,100.0,,,,178956552
2026-06-10T10:47:05+00:00,ptcl.com.pk,PTCL,3,0,100.0,,,,178956552
2026-06-10T10:48:11+00:00,ptcl.com.pk,PTCL,3,0,100.0,,,,178956552
2026-06-10T10:49:09+00:00,ptcl.com.pk,PTCL,3,0,100.0,,,,178956552
2026-06-10T10:50:09+00:00,ptcl.com.pk,PTCL,3,0,100.0,,,,178956552
2026-06-10T10:50:59+00:00,ptcl.com.pk,PTCL,3,0,100.0,,,,178956552
2026-06-10T10:52:01+00:00,ptcl.com.pk,PTCL,3,0,100.0,,,,178956552
2026-06-10T10:53:01+00:00,ptcl.com.pk,PTCL,3,0,100.0,,,,178956552
2026-06-10T10:54:11+00:00,ptcl.com.pk,PTCL,3,0,100.0,,,,178956552
2026-06-10T10:55:07+00:00,ptcl.com.pk,PTCL,3,0,100.0,,,,178956552
2026-06-10T10:56:07+00:00,ptcl.com.pk,PTCL,3,0,100.0,,,,178956552
2026-06-10T10:57:08+00:00,ptcl.com.pk,PTCL,3,0,100.0,,,,178956552
2026-06-10T10:58:02+00:00,ptcl.com.pk,PTCL,3,0,100.0,,,,178956552
2026-06-10T10:59:01+00:00,ptcl.com.pk,PTCL,3,0,100.0,,,,178956552
2026-06-10T11:00:00+00:00,ptcl.com.pk,PTCL,3,0,100.0,,,,178956552
2026-06-10T11:01:08+00:00,ptcl.com.pk,PTCL,3,0,100.0,,,,178956552
2026-06-10T11:02:00+00:00,ptcl.com.pk,PTCL,3,0,100.0,,,,178956552
2026-06-10T11:03:10+00:00,ptcl.com.pk,PTCL,3,0,100.0,,,,178956552
2026-06-10T11:04:10+00:00,ptcl.com.pk,PTCL,3,0,100.0,,,,178956552
2026-06-10T11:04:57+00:00,ptcl.com.pk,PTCL,3,0,100.0,,,,178956552
2026-06-10T11:05:58+00:00,ptcl.com.pk,PTCL,3,0,100.0,,,,178956552
2026-06-10T11:07:04+00:00,ptcl.com.pk,PTCL,3,0,100.0,,,,178956552
2026-06-10T11:08:11+00:00,ptcl.com.pk,PTCL,3,0,100.0,,,,178956552
2026-06-10T11:09:03+00:00,ptcl.com.pk,PTCL,3,0,100.0,,,,178956552
2026-06-10T11:10:09+00:00,ptcl.com.pk,PTCL,3,0,100.0,,,,178956552
2026-06-10T11:11:07+00:00,ptcl.com.pk,PTCL,3,0,100.0,,,,178956552
2026-06-10T11:12:01+00:00,ptcl.com.pk,PTCL,3,0,100.0,,,,178956552
2026-06-10T11:13:05+00:00,ptcl.com.pk,PTCL,3,0,100.0,,,,178956552
2026-06-10T11:14:10+00:00,ptcl.com.pk,PTCL,3,0,100.0,,,,178956552
2026-06-10T11:15:02+00:00,ptcl.com.pk,PTCL,3,0,100.0,,,,178956552
2026-06-10T11:16:11+00:00,ptcl.com.pk,PTCL,3,0,100.0,,,,178956552
2026-06-10T11:17:09+00:00,ptcl.com.pk,PTCL,3,0,100.0,,,,178956552
2026-06-10T11:18:00+00:00,ptcl.com.pk,PTCL,3,0,100.0,,,,178956552
2026-06-10T11:19:08+00:00,ptcl.com.pk,PTCL,3,0,100.0,,,,178956552
2026-06-10T11:20:09+00:00,ptcl.com.pk,PTCL,3,0,100.0,,,,178956552
2026-06-10T11:21:08+00:00,ptcl.com.pk,PTCL,3,0,100.0,,,,178956552
2026-06-10T11:22:05+00:00,ptcl.com.pk,PTCL,3,0,100.0,,,,178956552
2026-06-10T11:23:11+00:00,ptcl.com.pk,PTCL,3,0,100.0,,,,178956552
2026-06-10T11:24:00+00:00,ptcl.com.pk,PTCL,3,0,100.0,,,,178956552
2026-06-10T11:25:07+00:00,ptcl.com.pk,PTCL,3,0,100.0,,,,178956552
2026-06-10T11:26:09+00:00,ptcl.com.pk,PTCL,3,0,100.0,,,,178956552
2026-06-10T11:26:58+00:00,ptcl.com.pk,PTCL,3,0,100.0,,,,178956552
2026-06-10T11:28:10+00:00,ptcl.com.pk,PTCL,3,0,100.0,,,,178956552
2026-06-10T11:29:09+00:00,ptcl.com.pk,PTCL,3,0,100.0,,,,178956552
2026-06-10T11:30:09+00:00,ptcl.com.pk,PTCL,3,0,100.0,,,,178956552
2026-06-10T11:31:10+00:00,ptcl.com.pk,PTCL,3,0,100.0,,,,178956552
2026-06-10T11:32:03+00:00,ptcl.com.pk,PTCL,3,0,100.0,,,,178956552
2026-06-10T11:32:57+00:00,ptcl.com.pk,PTCL,3,0,100.0,,,,178956552
2026-06-10T11:34:08+00:00,ptcl.com.pk,PTCL,3,0,100.0,,,,178956552
2026-06-10T11:35:11+00:00,ptcl.com.pk,PTCL,3,0,100.0,,,,178956552
2026-06-10T11:36:08+00:00,ptcl.com.pk,PTCL,3,0,100.0,,,,178956552
2026-06-10T11:36:58+00:00,ptcl.com.pk,PTCL,3,0,100.0,,,,178956552
2026-06-10T11:38:09+00:00,ptcl.com.pk,PTCL,3,0,100.0,,,,178956552
2026-06-10T11:38:58+00:00,ptcl.com.pk,PTCL,3,0,100.0,,,,178956552
2026-06-10T11:40:00+00:00,ptcl.com.pk,PTCL,3,0,100.0,,,,178956552
2026-06-10T11:41:00+00:00,ptcl.com.pk,PTCL,3,0,100.0,,,,178956552
2026-06-10T11:42:07+00:00,ptcl.com.pk,PTCL,3,0,100.0,,,,178956552
2026-06-10T11:43:11+00:00,ptcl.com.pk,PTCL,3,0,100.0,,,,178956552
2026-06-10T11:44:03+00:00,ptcl.com.pk,PTCL,3,0,100.0,,,,178956552
2026-06-10T11:45:09+00:00,ptcl.com.pk,PTCL,3,0,100.0,,,,178956552
2026-06-10T11:45:59+00:00,ptcl.com.pk,PTCL,3,0,100.0,,,,178956552
2026-06-10T11:47:11+00:00,ptcl.com.pk,PTCL,3,0,100.0,,,,178956552
2026-06-10T11:48:06+00:00,ptcl.com.pk,PTCL,3,0,100.0,,,,178956552
2026-06-10T11:49:04+00:00,ptcl.com.pk,PTCL,3,0,100.0,,,,178956552
2026-06-10T11:49:58+00:00,ptcl.com.pk,PTCL,3,0,100.0,,,,178956552
2026-06-10T11:51:11+00:00,ptcl.com.pk,PTCL,3,0,100.0,,,,178956552
2026-06-10T11:52:07+00:00,ptcl.com.pk,PTCL,3,0,100.0,,,,178956552
2026-06-10T11:53:09+00:00,ptcl.com.pk,PTCL,3,0,100.0,,,,178956552
2026-06-10T11:54:00+00:00,ptcl.com.pk,PTCL,3,0,100.0,,,,178956552
2026-06-10T11:55:00+00:00,ptcl.com.pk,PTCL,3,0,100.0,,,,178956552
2026-06-10T11:55:58+00:00,ptcl.com.pk,PTCL,3,0,100.0,,,,178956552
2026-06-10T11:57:06+00:00,ptcl.com.pk,PTCL,3,0,100.0,,,,178956552
2026-06-10T11:58:02+00:00,ptcl.com.pk,PTCL,3,0,100.0,,,,178956552
2026-06-10T11:58:57+00:00,ptcl.com.pk,PTCL,3,0,100.0,,,,178956552
2026-06-10T12:00:00+00:00,ptcl.com.pk,PTCL,3,0,100.0,,,,178956552
2026-06-10T12:01:01+00:00,ptcl.com.pk,PTCL,3,0,100.0,,,,178956552
2026-06-10T12:01:59+00:00,ptcl.com.pk,PTCL,3,0,100.0,,,,178956552
2026-06-10T12:03:09+00:00,ptcl.com.pk,PTCL,3,0,100.0,,,,178956552
2026-06-10T12:04:04+00:00,ptcl.com.pk,PTCL,3,0,100.0,,,,178956552
2026-06-10T12:05:10+00:00,ptcl.com.pk,PTCL,3,0,100.0,,,,178956552
2026-06-10T12:06:01+00:00,ptcl.com.pk,PTCL,3,0,100.0,,,,178956552
2026-06-10T12:06:58+00:00,ptcl.com.pk,PTCL,3,0,100.0,,,,178956552
2026-06-10T12:08:03+00:00,ptcl.com.pk,PTCL,3,0,100.0,,,,178956552
2026-06-10T12:08:57+00:00,ptcl.com.pk,PTCL,3,0,100.0,,,,178956552
2026-06-10T12:09:57+00:00,ptcl.com.pk,PTCL,3,0,100.0,,,,178956552
2026-06-10T12:10:57+00:00,ptcl.com.pk,PTCL,3,0,100.0,,,,178956552
2026-06-10T12:12:02+00:00,ptcl.com.pk,PTCL,3,0,100.0,,,,178956552
2026-06-10T12:13:08+00:00,ptcl.com.pk,PTCL,3,0,100.0,,,,178956552
2026-06-10T12:14:07+00:00,ptcl.com.pk,PTCL,3,0,100.0,,,,178956552
2026-06-10T12:15:07+00:00,ptcl.com.pk,PTCL,3,0,100.0,,,,178956552
2026-06-10T12:16:05+00:00,ptcl.com.pk,PTCL,3,0,100.0,,,,178956552
2026-06-10T12:17:10+00:00,ptcl.com.pk,PTCL,3,0,100.0,,,,178956552
2026-06-10T12:18:09+00:00,ptcl.com.pk,PTCL,3,0,100.0,,,,178956552
2026-06-10T12:19:02+00:00,ptcl.com.pk,PTCL,3,0,100.0,,,,178956552
2026-06-10T12:19:59+00:00,ptcl.com.pk,PTCL,3,0,100.0,,,,178956552
2026-06-10T12:21:10+00:00,ptcl.com.pk,PTCL,3,0,100.0,,,,178956552
2026-06-10T12:21:58+00:00,ptcl.com.pk,PTCL,3,0,100.0,,,,178956552
